USE nys_parks;

INSERT INTO parks (name, region, park_type, address_line, city, state, zip_code, hours, total_fields, max_capacity, amenities, description, image_url, image_alt, card_summary, latitude, longitude, is_featured) VALUES
('Jones Beach State Park', 'Long Island', 'Beach', '1 Ocean Pkwy', 'Wantagh', 'NY', '11793', '6:00 AM - 10:00 PM', 2, 250, 'Boardwalk, concerts, beaches, parking', 'Oceanfront boardwalk, summer concerts, family activities, and wide sandy beaches.', 'https://images.unsplash.com/photo-1507525428034-b723cf961d3e?auto=format&fit=crop&w=1200&q=80', 'Sandy beach and ocean waves at sunset', 'Oceanfront boardwalk, beaches, concerts, and family-friendly summer events.', 40.596200, -73.503000, 1),
('Letchworth State Park', 'Western New York', 'Waterfalls', '1 Letchworth State Park', 'Castile', 'NY', '14427', '6:00 AM - 11:00 PM', 1, 180, 'Trails, overlooks, picnic areas', 'Dramatic gorge views, trails, scenic overlooks, and some of the state''s most iconic waterfalls.', 'https://images.unsplash.com/photo-1500530855697-b586d89ba3ee?auto=format&fit=crop&w=1200&q=80', 'Forest trail with scenic overlook', 'Gorge views, waterfall hikes, picnic areas, and outdoor programs.', 42.673000, -78.004800, 1),
('Niagara Falls State Park', 'Western New York', 'Landmark', '332 Prospect St', 'Niagara Falls', 'NY', '14303', 'Open daily', 1, 220, 'Observation decks, visitors center', 'World-famous waterfalls, observation decks, and unforgettable sightseeing experiences.', 'https://images.unsplash.com/photo-1528909514045-2fa4ac7a08ba?auto=format&fit=crop&w=1200&q=80', 'Waterfall mist and scenic overlook', 'Iconic waterfall views, visitor facilities, and special-event spaces.', 43.082800, -79.074200, 1),
('Watkins Glen State Park', 'Finger Lakes', 'Hiking', '1009 N Franklin St', 'Watkins Glen', 'NY', '14891', '8:00 AM - dusk', 1, 120, 'Gorge trails, waterfalls, scenic routes', 'Stone bridges, layered waterfalls, gorge trails, and one of New York''s signature hikes.', 'https://images.unsplash.com/photo-1506744038136-46273834b3fb?auto=format&fit=crop&w=1200&q=80', 'Gorge trail with waterfall', 'Stone bridges, waterfall trails, and scenic visitor experiences.', 42.380100, -76.873300, 1),
('Montauk Point State Park', 'Long Island', 'Coastal', '2000 Montauk Hwy', 'Montauk', 'NY', '11954', 'Sunrise - sunset', 1, 150, 'Lighthouse, trails, fishing', 'Clifftop views, striped lighthouse scenery, fishing spots, and dramatic coastal landscapes.', 'https://images.unsplash.com/photo-1464822759023-fed622ff2c3b?auto=format&fit=crop&w=1200&q=80', 'Coastal cliffs near a lighthouse', 'Lighthouse scenery, fishing access, coastal trails, and sunrise views.', 41.072200, -71.860300, 0),
('Minnewaska State Park Preserve', 'Hudson Valley', 'Trails', '5281 Route 44-55', 'Kerhonkson', 'NY', '12446', '9:00 AM - 7:00 PM', 1, 140, 'Lakes, cliffs, carriage roads', 'Ridge-top views, lakes, cliffs, carriage roads, and peaceful hiking routes.', 'https://images.unsplash.com/photo-1441974231531-c6227db76b6e?auto=format&fit=crop&w=1200&q=80', 'Wooded trail through tall trees', 'Ridge views, lakes, carriage roads, and quiet hiking routes.', 41.739200, -74.234900, 0);

INSERT INTO users (first_name, last_name, email, password_hash, role, phone, birthdate, organization, notes, park_id, account_status) VALUES
('Admin', 'User', 'admin@nysparks.local', '$2y$12$bpa9e9oDIxhNKWoCaAcj5.Phd3vPaSQyoAXmXqEIZjv.2PiJj.Pki', 'admin', '(555) 111-1000', '1990-01-10', 'NYS Parks', 'Seeded administrator account', 1, 'active'),
('Jordan', 'Rivera', 'employee@nysparks.local', '$2y$12$bpa9e9oDIxhNKWoCaAcj5.Phd3vPaSQyoAXmXqEIZjv.2PiJj.Pki', 'employee', '(555) 111-2000', '1995-07-18', NULL, 'Seeded employee account', 1, 'active'),
('Dev', 'User', 'client@nysparks.local', '$2y$12$bpa9e9oDIxhNKWoCaAcj5.Phd3vPaSQyoAXmXqEIZjv.2PiJj.Pki', 'client', '(555) 234-8811', '1992-04-12', 'Community Events Group', 'Primary contact for summer festival and youth recreation events.', NULL, 'active'),
('Casey', 'Morgan', 'casey.morgan@nysparks.local', '$2y$12$bpa9e9oDIxhNKWoCaAcj5.Phd3vPaSQyoAXmXqEIZjv.2PiJj.Pki', 'employee', '(555) 222-3333', '1993-09-22', NULL, 'Guest services', 2, 'active'),
('Taylor', 'Brooks', 'taylor.brooks@nysparks.local', '$2y$12$bpa9e9oDIxhNKWoCaAcj5.Phd3vPaSQyoAXmXqEIZjv.2PiJj.Pki', 'employee', '(555) 333-4444', '1991-03-17', NULL, 'Operations', 3, 'active');

INSERT INTO fields (park_id, name, field_type, capacity, field_size_sqft, availability_status, notes) VALUES
(1, 'South Shore Field', 'Open Field', 250, 40000, 'available', 'Large event staging area'),
(2, 'Falls Lawn', 'Open Field', 180, 26000, 'available', 'Good for food fairs and youth events'),
(3, 'River View Plaza', 'Plaza', 220, 18000, 'available', 'Best for medium events'),
(4, 'Gorge Terrace', 'Scenic Deck', 120, 9000, 'available', 'Limited amplified sound'),
(5, 'Lighthouse Lawn', 'Open Field', 150, 21000, 'available', 'Ideal for sunrise sessions'),
(6, 'Lake Overlook Lawn', 'Open Field', 140, 16000, 'available', 'Quiet scenic event space');

INSERT INTO events (park_id, field_id, title, description, image_url, image_alt, card_summary, category, event_type, start_datetime, end_datetime, capacity, fee_amount, is_featured, event_status, created_by) VALUES
(1, 1, 'Summer Concert Series: Rock the Beach', 'Live music and food vendors by the ocean.', NULL, NULL, 'Live music, food vendors, and ocean views by the boardwalk.', 'Music', 'public', '2026-07-15 19:00:00', '2026-07-15 22:00:00', 250, 45.00, 1, 'published', 1),
(5, 5, 'Sunrise Yoga by the Lighthouse', 'Morning yoga and guided breathing session.', NULL, NULL, 'A calm morning wellness session beside the lighthouse.', 'Wellness', 'public', '2026-06-20 06:00:00', '2026-06-20 07:30:00', 90, 15.00, 0, 'published', 1),
(1, 1, 'Food Truck Festival', 'Food trucks, music, and family activities.', NULL, NULL, 'A family food festival with music and local vendors.', 'Food', 'public', '2026-08-05 11:00:00', '2026-08-05 16:00:00', 250, 5.00, 1, 'published', 1),
(4, 4, 'Family Stargazing Night', 'Astronomy guides and telescopes for all ages.', NULL, NULL, 'Guided telescope viewing and beginner astronomy for families.', 'Family', 'public', '2026-08-18 20:00:00', '2026-08-18 22:00:00', 120, 12.00, 0, 'published', 1),
(6, 6, 'Hudson Valley Trail Skills Workshop', 'Introductory trail safety, packing, and map-reading workshop.', NULL, NULL, 'Beginner-friendly trail safety and map-reading education.', 'Education', 'public', '2026-06-28 10:00:00', '2026-06-28 12:00:00', 80, 0.00, 0, 'published', 1),
(2, 2, 'Waterfall Photography Walk', 'A slow guided walk focused on safe scenic photography.', NULL, NULL, 'Guided photography walk near dramatic waterfall overlooks.', 'Education', 'public', '2026-07-06 09:00:00', '2026-07-06 11:00:00', 60, 10.00, 0, 'published', 1),
(1, 1, 'Sunset Wellness Series', 'Outdoor wellness class and guest speaker created from an approved booking.', NULL, NULL, 'Private approved wellness booking.', 'Wellness', 'private', '2026-06-18 18:00:00', '2026-06-18 20:00:00', 60, 180.00, 0, 'published', 1),
(2, 2, 'Youth Sports Day', 'Youth sports clinic and family picnic created from a confirmed booking.', NULL, NULL, 'Private confirmed sports booking.', 'Sports', 'private', '2026-08-14 09:00:00', '2026-08-14 14:00:00', 120, 520.00, 0, 'published', 1);

INSERT INTO news (title, topic, published_date, region, summary, content, image_url, image_alt, card_summary, tag, is_featured, news_status) VALUES
('Spring trail readiness updates across NYS parks', 'alerts', '2026-04-14', 'Statewide', 'Trail teams are preparing signage, cleanup areas, and visitor guidance ahead of the spring season.', 'Maintenance crews are reviewing priority routes, refreshing signage, and preparing visitor guidance so spring trail use is safer and easier to navigate.', 'https://images.unsplash.com/photo-1500530855697-b586d89ba3ee?auto=format&fit=crop&w=1200&q=80', 'Forest trail in spring', 'Spring trail readiness and visitor guidance updates.', 'Trail Conditions', 1, 'published'),
('Weekend volunteer day expands native planting projects', 'community', '2026-04-10', 'Hudson Valley', 'Community volunteers are helping improve park landscapes, restore native plant beds, and support seasonal beautification efforts.', 'Volunteer teams will help prepare native plant beds, remove light debris, and support seasonal improvements at select park locations.', 'https://images.unsplash.com/photo-1466692476868-aef1dfb1e735?auto=format&fit=crop&w=1200&q=80', 'Volunteers gardening outdoors', 'Volunteer event supporting native planting projects.', 'Community', 0, 'published'),
('New family nature programs added to the events calendar', 'events', '2026-04-06', 'Finger Lakes', 'The public events calendar now highlights more kid-friendly hikes, ranger talks, and beginner outdoor learning sessions.', 'Families can browse new beginner hikes, guided ranger talks, and hands-on outdoor learning sessions in the events calendar.', 'https://images.unsplash.com/photo-1502082553048-f009c37129b9?auto=format&fit=crop&w=1200&q=80', 'Family hiking through woods', 'New family-friendly nature programs added.', 'Programs', 0, 'published'),
('Visitor safety reminder for waterfront and gorge areas', 'safety', '2026-04-03', 'Southern Tier', 'Guests are encouraged to stay on marked trails, observe posted guidance, and prepare for changing weather conditions.', 'Park staff remind visitors to follow posted signage near water, use designated trails, and prepare for changing spring weather.', 'https://images.unsplash.com/photo-1500534623283-312aade485b7?auto=format&fit=crop&w=1200&q=80', 'Scenic gorge and river area', 'Waterfront and gorge safety reminders.', 'Safety', 0, 'published'),
('Historic site exhibits receive a refreshed digital spotlight', 'parks', '2026-03-29', 'Capital Region', 'Updated site content helps visitors explore park history, exhibits, and destination highlights more easily online.', 'The public site now gives historic destinations a clearer place to feature stories, exhibits, and visitor planning information.', 'https://images.unsplash.com/photo-1510798831971-661eb04b3739?auto=format&fit=crop&w=1200&q=80', 'Historic park landscape', 'Digital spotlight for historic park exhibits.', 'Park Spotlight', 0, 'published'),
('Donation campaign supports seasonal improvements and programming', 'support', '2026-03-24', 'Statewide', 'Public support can help fund park improvements, community programming, and visitor experience projects across the state.', 'Donations support seasonal improvements, public programming, visitor materials, and accessibility-focused project needs.', 'https://images.unsplash.com/photo-1488521787991-ed7bbaae773c?auto=format&fit=crop&w=1200&q=80', 'Hands holding seedlings', 'Donation campaign for seasonal improvements.', 'Support', 0, 'published');

INSERT INTO bookings (client_id, park_id, field_id, event_id, title, booking_type, attendee_email, start_datetime, end_datetime, guest_count, requested_setup, event_description, special_requests, reservation_fee, booking_status, reviewed_by, reviewed_at, admin_notes) VALUES
(3, 3, 3, NULL, 'Community Food Fair', 'Community', 'client@nysparks.local', '2026-07-02 10:00:00', '2026-07-02 15:00:00', 150, 'Tables + power', 'Local food vendors and family activities.', 'Need parking support and ADA access.', 620.00, 'pending', NULL, NULL, NULL),
(3, 1, 1, 7, 'Sunset Wellness Series', 'Wellness', 'client@nysparks.local', '2026-06-18 18:00:00', '2026-06-18 20:00:00', 60, 'Small stage', 'Outdoor wellness class and speaker.', 'Power for microphones.', 180.00, 'approved', 1, '2026-05-10 09:00:00', 'Approved and private event created'),
(3, 2, 2, 8, 'Youth Sports Day', 'Sports', 'client@nysparks.local', '2026-08-14 09:00:00', '2026-08-14 14:00:00', 120, 'Cones + tents', 'Youth sports clinic and family picnic.', 'Need extra restroom signage.', 520.00, 'confirmed', 1, '2026-05-12 11:15:00', 'Confirmed'),
(3, 1, 1, NULL, 'Sunset Jazz Festival', 'Music', 'client@nysparks.local', '2026-08-11 18:00:00', '2026-08-11 22:00:00', 220, 'Stage + seating', 'Evening jazz event with food stalls.', 'Security requested.', 780.00, 'pending', NULL, NULL, NULL);

INSERT INTO attendance (event_id, user_id, attendee_email, guest_count, attendance_status, checked_in_at) VALUES
(1, 3, 'client@nysparks.local', 2, 'registered', NULL),
(2, 3, 'client@nysparks.local', 1, 'attended', '2026-06-20 06:10:00');

INSERT INTO payments (user_id, booking_id, payment_type, payer_name, payer_email, amount, payment_method, card_num, exp_month, exp_year, cvv, payment_status, transaction_ref) VALUES
(3, 2, 'reservation', 'Dev User', 'client@nysparks.local', 180.00, 'card', '4242424242424242', 12, 2027, '123', 'completed', 'RES-2026-0001'),
(3, NULL, 'donation', 'Dev User', 'client@nysparks.local', 50.00, 'card', '4111111111111111', 11, 2027, '321', 'completed', 'DON-2026-0001'),
(NULL, NULL, 'donation', 'Walk-in Donor', 'donor@example.com', 25.00, 'in_person', NULL, NULL, NULL, NULL, 'completed', 'DON-2026-0002');

INSERT INTO employee_schedules (employee_id, park_id, shift_date, start_time, end_time, assignment, schedule_status, notes, created_by) VALUES
(2, 1, '2026-06-14', '08:00:00', '16:00:00', 'Events support', 'scheduled', NULL, 1),
(2, 1, '2026-06-15', '09:00:00', '17:00:00', 'Ranger duty', 'scheduled', NULL, 1),
(4, 2, '2026-06-14', '09:00:00', '17:00:00', 'Guest services', 'scheduled', NULL, 1),
(5, 3, '2026-06-15', '07:00:00', '15:00:00', 'Operations', 'scheduled', NULL, 1);

INSERT INTO pto_requests (employee_id, leave_type, start_date, end_date, reason, pto_status, reviewed_by, reviewed_at, admin_notes) VALUES
(2, 'Vacation', '2026-07-20', '2026-07-22', 'Family trip', 'pending', NULL, NULL, NULL),
(4, 'Personal', '2026-08-03', '2026-08-05', 'Personal days', 'approved', 1, '2026-06-01 10:30:00', 'Coverage available'),
(5, 'Sick Leave', '2026-09-12', '2026-09-12', 'Medical appointment', 'pending', NULL, NULL, NULL),
(2, 'Personal', '2026-05-01', '2026-05-01', 'Cancelled sample request', 'cancelled', NULL, NULL, NULL);
