USE nys_parks;

INSERT INTO parks (name, region, park_type, address_line, city, state, zip_code, hours, total_fields, max_capacity, amenities, description, image_url, image_alt, card_summary, latitude, longitude, is_featured) VALUES
('Jones Beach State Park', 'Long Island', 'Beach', '1 Ocean Parkway', 'Wantagh', 'NY', '11793', 'Open daily; beachfront closes at sunset seasonally', 2, 250, 'Ocean beach, boardwalk, swimming, fishing, boating, surfing, nature center, accessible beach mats', 'A classic Long Island oceanfront park with 6.5 miles of Atlantic beach, a boardwalk, swimming areas, fishing access, water recreation, and major seasonal events.', 'https://images.unsplash.com/photo-1507525428034-b723cf961d3e?auto=format&fit=crop&w=1200&q=80', 'Sandy ocean beach and waves', 'Atlantic beachfront, boardwalk, fishing, swimming, and seasonal events.', 40.596200, -73.503000, 1),
('Letchworth State Park', 'Finger Lakes', 'Gorge / Waterfalls', '1 Letchworth State Park', 'Castile', 'NY', '14427', 'Open year-round; park facilities vary by season', 1, 180, 'Hiking trails, waterfalls, overlooks, camping, cabins, museum, picnic areas, pool, rafting, horseback riding', 'Known as the Grand Canyon of the East, Letchworth follows the Genesee River through a deep gorge with three major waterfalls and miles of scenic trails.', 'https://images.unsplash.com/photo-1500530855697-b586d89ba3ee?auto=format&fit=crop&w=1200&q=80', 'Forest trail and scenic overlook', 'Genesee River gorge, waterfalls, overlooks, trails, camping, and outdoor programs.', 42.673000, -78.004800, 1),
('Niagara Falls State Park', 'Niagara', 'Landmark / Waterfalls', '332 Prospect Street', 'Niagara Falls', 'NY', '14303', 'Open year-round; attractions and facilities vary by season', 1, 220, 'Waterfall overlooks, visitor center, trails, picnic areas, scenic trolley, educational programs', 'America''s oldest state park centers on the world-famous Niagara Falls and offers waterfall overlooks, gorge access, trails, visitor services, and year-round sightseeing.', 'https://images.unsplash.com/photo-1528909514045-2fa4ac7a08ba?auto=format&fit=crop&w=1200&q=80', 'Mist rising from a major waterfall', 'World-famous waterfall views, gorge walks, visitor services, and sightseeing.', 43.082800, -79.074200, 1),
('Watkins Glen State Park', 'Finger Lakes', 'Gorge / Waterfalls', '1009 N Franklin Street', 'Watkins Glen', 'NY', '14891', 'Open daily; Gorge Trail typically seasonal', 1, 120, 'Gorge trail, 19 waterfalls, camping, cabins, pool, fishing, picnic areas, playground, pavilions', 'The best-known Finger Lakes gorge park, Watkins Glen features a stream descending past cliffs and 19 waterfalls along a dramatic gorge trail.', 'https://images.unsplash.com/photo-1506744038136-46273834b3fb?auto=format&fit=crop&w=1200&q=80', 'Gorge trail with waterfall', 'Famous gorge trail, waterfalls, stone paths, camping, swimming, and picnic areas.', 42.380100, -76.873300, 1),
('Montauk Point State Park', 'Long Island', 'Coastal / Lighthouse', '2000 Montauk Highway', 'Montauk', 'NY', '11954', 'Open year-round; hours and facilities vary by season', 1, 150, 'Ocean views, lighthouse views, nature trails, fishing, seal watching, cross-country skiing', 'At the eastern tip of Long Island, Montauk Point offers views where the Atlantic Ocean meets Block Island Sound, plus trails, fishing, and lighthouse scenery.', 'https://images.unsplash.com/photo-1464822759023-fed622ff2c3b?auto=format&fit=crop&w=1200&q=80', 'Coastal cliffs near a lighthouse', 'Atlantic and Block Island Sound views, lighthouse scenery, trails, fishing, and wildlife.', 41.072200, -71.860300, 1),
('Minnewaska State Park Preserve', 'Palisades', 'Preserve / Trails', '5281 Route 44-55', 'Kerhonkson', 'NY', '12446', 'Opens daily at 9:00 AM; closing times vary seasonally', 1, 140, 'Lake Minnewaska, carriage roads, cliffs, waterfalls, hiking, biking, climbing, visitor center, scenic overlooks', 'A large Shawangunk ridge preserve with more than 24,000 acres of cliffs, lakes, carriage roads, waterfalls, forests, and long-distance views.', 'https://images.unsplash.com/photo-1441974231531-c6227db76b6e?auto=format&fit=crop&w=1200&q=80', 'Wooded trail through tall trees', 'Shawangunk ridge views, lakes, cliffs, carriage roads, hiking, biking, and climbing.', 41.739200, -74.234900, 1),
('Bear Mountain State Park', 'Palisades', 'Mountain / Recreation', 'Route 9W North', 'Bear Mountain', 'NY', '10911', 'Open year-round; facility hours vary by season', 1, 200, 'Hiking, biking, lake and river fishing, picnic groves, pool, ice rink, Trailside Museums and Zoo, Merry-Go-Round', 'Set in rugged Hudson Highlands terrain, Bear Mountain offers trails, picnic areas, lake and river recreation, seasonal skating, museums, and wide views from Perkins Memorial Tower.', 'https://images.unsplash.com/photo-1500534314209-a25ddb2bd429?auto=format&fit=crop&w=1200&q=80', 'Mountain landscape and forest', 'Hudson Highlands trails, picnic areas, fishing, skating, museums, zoo, and scenic tower views.', 41.312900, -73.988400, 0),
('Robert H. Treman State Park', 'Finger Lakes', 'Gorge / Waterfalls', '105 Enfield Falls Road', 'Ithaca', 'NY', '14850', 'Open year-round; facilities and swimming are seasonal', 1, 120, 'Gorge trails, waterfalls, swimming, camping, cabins, pavilions, hiking, picnic areas', 'Robert H. Treman protects the rugged Enfield Glen gorge, with waterfall trails, Lucifer Falls, wooded scenery, camping, and a stream-fed swimming area.', 'https://images.unsplash.com/photo-1500534623283-312aade485b7?auto=format&fit=crop&w=1200&q=80', 'Waterfall gorge in a forest', 'Enfield Glen gorge, waterfall trails, Lucifer Falls, camping, cabins, and swimming.', 42.401000, -76.548000, 0),
('Taughannock Falls State Park', 'Finger Lakes', 'Waterfalls / Lake', '1740 Taughannock Boulevard', 'Trumansburg', 'NY', '14886', 'Open year-round; beach and facilities vary by season', 1, 160, 'Waterfall overlook, gorge and rim trails, Cayuga Lake beach, marina, boat launch, camping, cabins', 'Taughannock Falls plunges 215 feet past high gorge walls, with rim and gorge trails plus Cayuga Lake camping, cabins, beach, marina, and boat launch nearby.', 'https://images.unsplash.com/photo-1518837695005-2083093ee35b?auto=format&fit=crop&w=1200&q=80', 'Tall waterfall in a rocky gorge', '215-foot waterfall, gorge and rim trails, Cayuga Lake beach, marina, camping, and cabins.', 42.538700, -76.608000, 0),
('Green Lakes State Park', 'Central New York', 'Lake / Forest', '7900 Green Lakes Road', 'Fayetteville', 'NY', '13066', 'Open year-round; swimming and facilities vary by season', 1, 150, 'Glacial lakes, beach, trails, old-growth forest, golf, camping, cabins, playgrounds', 'Green Lakes is known for rare meromictic lakes, old-growth forest, trails, a beach, camping, cabins, and outdoor education opportunities.', 'https://images.unsplash.com/photo-1500534314209-a25ddb2bd429?auto=format&fit=crop&w=1200&q=80', 'Clear lake surrounded by forest', 'Rare glacial lakes, old-growth forest, beach, trails, golf, camping, and education programs.', 43.058600, -75.971600, 0),
('Buttermilk Falls State Park', 'Finger Lakes', 'Gorge / Waterfalls', '112 E Buttermilk Falls Road', 'Ithaca', 'NY', '14850', 'Open year-round; swimming and camping seasonal', 1, 110, 'Gorge trail, waterfalls, swimming, camping, cabins, picnic areas, playing fields', 'Buttermilk Falls features a cascading creek, gorge and rim trails, wooded areas, picnic grounds, camping, cabins, and a seasonal natural swimming area.', 'https://images.unsplash.com/photo-1432405972618-c60b0225b8f9?auto=format&fit=crop&w=1200&q=80', 'Cascading waterfall in forest', 'Cascading gorge, rim trails, swimming, camping, cabins, picnic areas, and playing fields.', 42.417000, -76.521000, 0),
('Allegany State Park - Red House Area', 'Allegany', 'Forest / Camping', '2373 ASP, Rte 1, Suite 3', 'Salamanca', 'NY', '14779', 'Open year-round; campground, cabin, and swimming schedules vary', 1, 200, 'Camping, cabins, cottages, beach, boating, biking, hiking, snowmobiling, nature museum, picnic areas', 'The Red House Area of Allegany State Park is centered on Red House Lake and features camping, cabins, a beach, bike paths, boating, hiking, winter recreation, and a natural history museum.', 'https://images.unsplash.com/photo-1500534314209-a25ddb2bd429?auto=format&fit=crop&w=1200&q=80', 'Lake and forest landscape', 'Red House Lake, cabins, campsites, beach, boating, hiking, biking, and nature museum.', 42.100600, -78.749400, 0),
('Saratoga Spa State Park', 'Saratoga/Capital', 'Historic / Recreation', '19 Roosevelt Drive', 'Saratoga Springs', 'NY', '12866', 'Open year-round; facility hours vary by season', 1, 250, 'Mineral springs, trails, pools, golf, picnic areas, SPAC, museums, performing arts, winter recreation', 'A National Historic Landmark, Saratoga Spa State Park combines mineral springs, classical architecture, cultural destinations, pools, golf, trails, picnic areas, and SPAC.', 'https://images.unsplash.com/photo-1510798831971-661eb04b3739?auto=format&fit=crop&w=1200&q=80', 'Historic park landscape', 'Mineral springs, historic architecture, SPAC, pools, golf, trails, picnic areas, and museums.', 43.055000, -73.805000, 0),
('Moreau Lake State Park', 'Saratoga/Capital', 'Lake / Camping', '605 Old Saratoga Road', 'Gansevoort', 'NY', '12831', 'Open year-round; facility hours vary by season', 1, 120, 'Lake, beach, camping, cabins, boating, fishing, hiking, nature center, picnic areas, pavilions', 'Moreau Lake sits among hardwood forests, pine stands, and rocky ridges, with a sandy beach, quiet campgrounds, cabins, boating, fishing, trails, and a nature center.', 'https://images.unsplash.com/photo-1501785888041-af3ef285b470?auto=format&fit=crop&w=1200&q=80', 'Lake with wooded shoreline', 'Lake beach, secluded campgrounds, cabins, boating, fishing, trails, pavilions, and nature center.', 43.234400, -73.727800, 0),
('Grafton Lakes State Park', 'Saratoga/Capital', 'Lakes / Recreation', '254 Grafton Lakes State Park Way', 'Grafton', 'NY', '12082', 'Open year-round; beach and facilities seasonal', 1, 130, 'Ponds, beach, boating, fishing, hiking, biking, snowshoeing, cross-country skiing, picnic areas', 'Grafton Lakes is set on a forested mountain ridge and includes several ponds, swimming, boating, fishing, trails, picnicking, and winter recreation.', 'https://images.unsplash.com/photo-1448375240586-882707db888b?auto=format&fit=crop&w=1200&q=80', 'Forest lake in summer', 'Forested ridge park with ponds, beach, boating, fishing, trails, picnicking, and winter recreation.', 42.769200, -73.465600, 0),
('Wellesley Island State Park', 'Thousand Islands', 'Island / Camping', '44927 Cross Island Road', 'Fineview', 'NY', '13640', 'Open seasonally for many facilities; camping season varies', 1, 180, 'Camping, marina, boat launches, beach, fishing, nature center, golf, trails, cabins', 'The largest camping complex in the Thousand Islands region, Wellesley Island offers hundreds of campsites, fishing, a marina, boat launches, a river beach, trails, and a nature center.', 'https://images.unsplash.com/photo-1500534314209-a25ddb2bd429?auto=format&fit=crop&w=1200&q=80', 'Island shoreline and forest', 'Thousand Islands camping, marina, boat launches, beach, fishing, trails, golf, and nature center.', 44.316400, -76.008800, 0),
('Orient Beach State Park', 'Long Island', 'Beach / Maritime Forest', '40000 Main Road', 'Orient', 'NY', '11957', 'Open seasonally; hours and beach operations vary', 1, 120, 'Gardiners Bay beach, maritime forest, kayaking, fishing, windsurfing, paddle boarding, biking, picnic pavilion', 'At Long Island''s North Fork tip, Orient Beach protects Gardiners Bay shoreline, rare maritime forest, marsh, wildlife habitat, beach recreation, paddling, biking, and picnic areas.', 'https://images.unsplash.com/photo-1507525428034-b723cf961d3e?auto=format&fit=crop&w=1200&q=80', 'Quiet bay beach', 'Gardiners Bay shoreline, rare maritime forest, kayaking, fishing, beach recreation, biking, and birding.', 41.143900, -72.243600, 0),
('Caumsett State Historic Park Preserve', 'Long Island', 'Historic Preserve / Trails', '25 Lloyd Harbor Road', 'Lloyd Harbor', 'NY', '11743', 'Open year-round; hours vary by season', 1, 140, 'Bridle paths, hiking, biking, jogging, nature trails, gardens, fishing, scuba diving by permit', 'Caumsett occupies a scenic peninsula on Long Island Sound, with bridle paths, hiking and biking routes, woodlands, meadows, rocky shoreline, salt marsh, gardens, and historic landscapes.', 'https://images.unsplash.com/photo-1500530855697-b586d89ba3ee?auto=format&fit=crop&w=1200&q=80', 'Woodland path through park preserve', 'Long Island Sound peninsula with bridle paths, trails, woodlands, meadows, shoreline, gardens, and fishing.', 40.924300, -73.475100, 0),
('Bethpage State Park', 'Long Island', 'Golf / Recreation', '99 Quaker Meeting House Road', 'Farmingdale', 'NY', '11735', 'Open year-round; golf and facility hours vary', 1, 250, 'Golf courses, picnic areas, polo field, hiking, biking, bridle paths, restaurant, pro shop', 'Bethpage State Park is known for its golf complex, including the Black Course, and also offers picnic areas, trails, bridle paths, recreation fields, and event facilities.', 'https://images.unsplash.com/photo-1535131749006-b7f58c99034b?auto=format&fit=crop&w=1200&q=80', 'Golf course fairway', 'Golf courses, picnic areas, polo field, trails, bridle paths, restaurant, and recreation fields.', 40.742600, -73.456600, 0),
('Belmont Lake State Park', 'Long Island', 'Lake / Day Use', 'Southern State Parkway Exit 38', 'North Babylon', 'NY', '11703', 'Sunrise to sunset, year-round', 1, 130, 'Lake, picnic areas, playgrounds, boating rentals, fishing, biking, hiking, informal sports, pavilions', 'Belmont Lake is a 463-acre day-use park centered on Belmont Lake and Carlls Creek, with picnic areas, trails, boating rentals, fishing, playgrounds, and informal sports.', 'https://images.unsplash.com/photo-1500534314209-a25ddb2bd429?auto=format&fit=crop&w=1200&q=80', 'Lake path in a public park', 'Belmont Lake, Carlls Creek, picnic areas, boating rentals, fishing, biking, playgrounds, and trails.', 40.736300, -73.334000, 0),
('Sunken Meadow State Park', 'Long Island', 'Beach / Golf', 'Rte. 25A and Sunken Meadow Parkway', 'Kings Park', 'NY', '11754', 'Open year-round; beach and facilities vary by season', 1, 200, 'Long Island Sound beach, boardwalk, picnic areas, ball fields, playgrounds, golf, hiking, environmental programs', 'Sunken Meadow offers Long Island Sound views, beach and boardwalk recreation, picnic and group areas, ball fields, playgrounds, golf, trails, and public programs.', 'https://images.unsplash.com/photo-1507525428034-b723cf961d3e?auto=format&fit=crop&w=1200&q=80', 'Beach and shoreline', 'Long Island Sound beach, boardwalk, picnic areas, fields, playgrounds, golf, trails, and programs.', 40.905800, -73.260300, 0),
('Robert Moses State Park - Long Island', 'Long Island', 'Beach / Recreation', '600 Robert Moses State Parkway', 'Babylon', 'NY', '11702', 'Open year-round; beach and facilities vary by season', 1, 220, 'Ocean beach, swimming, surfing, surf-fishing, pitch and putt golf, picnic areas, beach access mats', 'Robert Moses State Park is a barrier-beach destination on Fire Island with miles of ocean beach, swimming, surfing, surf-fishing, picnic areas, and access to the Fire Island Lighthouse area.', 'https://images.unsplash.com/photo-1507525428034-b723cf961d3e?auto=format&fit=crop&w=1200&q=80', 'Ocean beach with waves', 'Fire Island ocean beach, swimming, surfing, surf-fishing, picnic areas, and pitch-and-putt golf.', 40.625300, -73.260700, 0),
('Rockland Lake State Park', 'Palisades', 'Lake / Recreation', '299 Rockland Lake Road', 'Valley Cottage', 'NY', '10989', 'Open year-round; pool and facilities vary by season', 1, 180, 'Lake trail, pool complex, picnic areas, boat launch, hiking, tennis, golf, fishing', 'Rockland Lake sits on a ridge above the west bank of the Hudson River and offers a paved lake loop, picnic areas, fishing, hiking, tennis, golf, and a large pool complex.', 'https://images.unsplash.com/photo-1501785888041-af3ef285b470?auto=format&fit=crop&w=1200&q=80', 'Lake with wooded shoreline', 'Hudson Valley lake loop, pool complex, picnic areas, fishing, hiking, tennis, and golf.', 41.142600, -73.922200, 0),
('Nyack Beach State Park', 'Palisades', 'Riverfront / Trails', '698 N Broadway', 'Upper Nyack', 'NY', '10960', 'Open year-round; hours vary by season', 1, 100, 'Hudson Riverfront, hiking, biking, fishing, picnicking, kayaking, windsurfing, cross-country skiing', 'Nyack Beach provides 61 acres of Hudson River waterfront in Rockland County, popular for picnicking, hiking, bicycling, fishing, paddling, windsurfing, and winter trail use.', 'https://images.unsplash.com/photo-1500534314209-a25ddb2bd429?auto=format&fit=crop&w=1200&q=80', 'Riverfront park trail', 'Hudson Riverfront picnicking, hiking, biking, fishing, kayaking, windsurfing, and winter trails.', 41.121800, -73.914600, 0),
('Sampson State Park', 'Finger Lakes', 'Lake / Camping', '6096 Route 96A', 'Romulus', 'NY', '14541', 'Open year-round; camping and facilities vary by season', 1, 160, 'Seneca Lake camping, beach, marina, boat launch, picnic areas, trails, military museum', 'On the eastern shore of Seneca Lake, Sampson offers camping, boating, sunsets, a marina, multiple boat launches, beach use, picnic areas, trails, and military history exhibits.', 'https://images.unsplash.com/photo-1501785888041-af3ef285b470?auto=format&fit=crop&w=1200&q=80', 'Lake shoreline at sunset', 'Seneca Lake camping, beach, marina, boat launches, picnic areas, trails, and sunsets.', 42.729700, -76.902100, 0),
('Keuka Lake State Park', 'Finger Lakes', 'Lake / Camping', '3560 Pepper Road', 'Bluff Point', 'NY', '14478', 'Open seasonally for most camping and beach facilities', 1, 120, 'Keuka Lake beach, camping, picnic areas, playground, boat launch, fishing, vineyard views', 'Keuka Lake State Park sits in Finger Lakes wine country with lake views, camping areas, a swimming beach, picnic facilities, fishing, playgrounds, and boat access.', 'https://images.unsplash.com/photo-1500534314209-a25ddb2bd429?auto=format&fit=crop&w=1200&q=80', 'Lake and wooded hills', 'Keuka Lake views, camping, beach, picnic areas, fishing, playground, boat launch, and wine-country scenery.', 42.575200, -77.124700, 0),
('Fair Haven Beach State Park', 'Finger Lakes', 'Lake Ontario Beach', '14985 State Park Road', 'Fair Haven', 'NY', '13064', 'Open year-round; beach and camping seasonal', 1, 150, 'Lake Ontario beach, swimming, camping, cabins, boating, fishing, hiking, picnic areas, pavilions', 'Fair Haven Beach State Park features a Lake Ontario shoreline, sandy beach, campgrounds, cabins, boating, fishing, hiking, picnic areas, and views over nearby bluffs and woodlands.', 'https://images.unsplash.com/photo-1507525428034-b723cf961d3e?auto=format&fit=crop&w=1200&q=80', 'Great lake beach shoreline', 'Lake Ontario beach, swimming, camping, cabins, boating, fishing, hiking, and picnic areas.', 43.319400, -76.705800, 0);

INSERT INTO users (first_name, last_name, email, password_hash, role, phone, birthdate, organization, notes, park_id, account_status) VALUES
('Admin', 'User', 'admin@nysparks.local', '$2y$12$bpa9e9oDIxhNKWoCaAcj5.Phd3vPaSQyoAXmXqEIZjv.2PiJj.Pki', 'admin', '(555) 111-1000', '1990-01-10', 'NYS Parks', 'Seeded administrator account', 1, 'active'),
('Jordan', 'Rivera', 'employee@nysparks.local', '$2y$12$bpa9e9oDIxhNKWoCaAcj5.Phd3vPaSQyoAXmXqEIZjv.2PiJj.Pki', 'employee', '(555) 111-2000', '1995-07-18', NULL, 'Seeded employee account', 1, 'active'),
('Dev', 'User', 'client@nysparks.local', '$2y$12$bpa9e9oDIxhNKWoCaAcj5.Phd3vPaSQyoAXmXqEIZjv.2PiJj.Pki', 'client', '(555) 234-8811', '1992-04-12', 'Community Events Group', 'Primary contact for summer festival and youth recreation events.', NULL, 'active'),
('Casey', 'Morgan', 'casey.morgan@nysparks.local', '$2y$12$bpa9e9oDIxhNKWoCaAcj5.Phd3vPaSQyoAXmXqEIZjv.2PiJj.Pki', 'employee', '(555) 222-3333', '1993-09-22', NULL, 'Guest services', 2, 'active'),
('Taylor', 'Brooks', 'taylor.brooks@nysparks.local', '$2y$12$bpa9e9oDIxhNKWoCaAcj5.Phd3vPaSQyoAXmXqEIZjv.2PiJj.Pki', 'employee', '(555) 333-4444', '1991-03-17', NULL, 'Operations', 3, 'active');

INSERT INTO fields (park_id, name, field_type, capacity, field_size_sqft, availability_status, notes) VALUES
(1, 'South Shore Field', 'Open Field', 250, 40000, 'available', 'Large event staging area'),
(2, 'Falls Lawn', 'Open Field', 180, 26000, 'available', 'Good for food fairs and youth events'),
(3, 'River View Plaza', 'Plaza', 220, 18000, 'available', 'Best for medium events'),
(4, 'Gorge Terrace', 'Scenic Deck', 120, 9000, 'available', 'Limited amplified sound'),
(5, 'Lighthouse Lawn', 'Open Field', 150, 21000, 'available', 'Ideal for sunrise sessions'),
(6, 'Lake Overlook Lawn', 'Open Field', 140, 16000, 'available', 'Quiet scenic event space');

INSERT INTO events (park_id, field_id, title, description, image_url, image_alt, card_summary, category, event_type, start_datetime, end_datetime, capacity, fee_amount, is_featured, event_status, created_by) VALUES
(1, 1, 'Summer Concert Series: Rock the Beach', 'Live music and food vendors by the ocean.', NULL, NULL, 'Live music, food vendors, and ocean views by the boardwalk.', 'Music', 'public', '2026-07-15 19:00:00', '2026-07-15 22:00:00', 250, 45.00, 1, 'published', 1),
(5, 5, 'Sunrise Yoga by the Lighthouse', 'Morning yoga and guided breathing session.', NULL, NULL, 'A calm morning wellness session beside the lighthouse.', 'Wellness', 'public', '2026-06-20 06:00:00', '2026-06-20 07:30:00', 90, 15.00, 0, 'published', 1),
(1, 1, 'Food Truck Festival', 'Food trucks, music, and family activities.', NULL, NULL, 'A family food festival with music and local vendors.', 'Food', 'public', '2026-08-05 11:00:00', '2026-08-05 16:00:00', 250, 5.00, 1, 'published', 1),
(4, 4, 'Family Stargazing Night', 'Astronomy guides and telescopes for all ages.', NULL, NULL, 'Guided telescope viewing and beginner astronomy for families.', 'Family', 'public', '2026-08-18 20:00:00', '2026-08-18 22:00:00', 120, 12.00, 0, 'published', 1),
(6, 6, 'Hudson Valley Trail Skills Workshop', 'Introductory trail safety, packing, and map-reading workshop.', NULL, NULL, 'Beginner-friendly trail safety and map-reading education.', 'Education', 'public', '2026-06-28 10:00:00', '2026-06-28 12:00:00', 80, 0.00, 0, 'published', 1),
(2, 2, 'Waterfall Photography Walk', 'A slow guided walk focused on safe scenic photography.', NULL, NULL, 'Guided photography walk near dramatic waterfall overlooks.', 'Education', 'public', '2026-07-06 09:00:00', '2026-07-06 11:00:00', 60, 10.00, 0, 'published', 1),
(1, 1, 'Sunset Wellness Series', 'Outdoor wellness class and guest speaker created from an approved booking.', NULL, NULL, 'Private approved wellness booking.', 'Wellness', 'private', '2026-06-18 18:00:00', '2026-06-18 20:00:00', 60, 180.00, 0, 'published', 1),
(2, 2, 'Youth Sports Day', 'Youth sports clinic and family picnic created from a confirmed booking.', NULL, NULL, 'Private confirmed sports booking.', 'Sports', 'private', '2026-08-14 09:00:00', '2026-08-14 14:00:00', 120, 520.00, 0, 'published', 1),
(3, 3, 'Misty Morning Falls Tour', 'A guided early-access walk through scenic waterfall viewpoints with ranger interpretation.', NULL, NULL, 'Ranger-led morning waterfall tour with scenic viewpoints.', 'Tour', 'public', '2026-06-12 08:30:00', '2026-06-12 10:30:00', 100, 18.00, 1, 'published', 1),
(6, 6, 'Lake Minnewaska Plein Air Paint Day', 'Artists of all skill levels gather for an outdoor painting session overlooking the lake and ridge.', NULL, NULL, 'Outdoor painting session with lake and ridge views.', 'Art', 'public', '2026-06-22 09:00:00', '2026-06-22 13:00:00', 70, 20.00, 0, 'published', 1),
(5, 5, 'Coastal Birding Walk', 'A naturalist-led walk focused on shorebirds, migration basics, and responsible wildlife viewing.', NULL, NULL, 'Naturalist-led birding walk along the coastal trail.', 'Nature', 'public', '2026-06-25 07:30:00', '2026-06-25 09:30:00', 50, 8.00, 0, 'published', 1),
(1, 1, 'Boardwalk Family Movie Night', 'An outdoor family movie screening with lawn seating, snacks, and sunset views.', NULL, NULL, 'Family movie night with snacks and sunset views.', 'Family', 'public', '2026-07-03 20:00:00', '2026-07-03 22:30:00', 200, 7.00, 1, 'published', 1),
(2, 2, 'Gorge Geology Ranger Talk', 'A beginner-friendly geology talk explaining how water, rock, and time shaped the park landscape.', NULL, NULL, 'Beginner geology talk about the park gorge landscape.', 'Education', 'public', '2026-07-10 13:00:00', '2026-07-10 14:30:00', 80, 0.00, 0, 'published', 1),
(4, 4, 'Gorge Trail Cleanup Volunteer Day', 'Volunteers help remove light debris, refresh visitor areas, and support trail stewardship.', NULL, NULL, 'Volunteer cleanup supporting trail stewardship.', 'Volunteer', 'public', '2026-07-19 09:00:00', '2026-07-19 12:00:00', 100, 0.00, 0, 'published', 1),
(3, 3, 'Falls Illumination Photo Class', 'A hands-on evening class covering safe low-light photography near the falls.', NULL, NULL, 'Evening low-light photography class near the falls.', 'Photography', 'public', '2026-07-26 19:30:00', '2026-07-26 21:30:00', 75, 25.00, 0, 'published', 1),
(6, 6, 'Ridge Run 5K', 'A scenic community 5K run and walk across carriage roads and ridge-top views.', NULL, NULL, 'Scenic community 5K run and walk.', 'Sports', 'public', '2026-08-02 08:00:00', '2026-08-02 10:30:00', 140, 30.00, 1, 'published', 1),
(5, 5, 'Lighthouse History Evening', 'A sunset history program featuring stories about coastal navigation and local maritime heritage.', NULL, NULL, 'Sunset program about lighthouse and maritime history.', 'History', 'public', '2026-08-09 18:30:00', '2026-08-09 20:00:00', 100, 10.00, 0, 'published', 1),
(1, 1, 'Beach Cleanup and Picnic', 'Community volunteers clean the shoreline in the morning and gather for a casual picnic afterward.', NULL, NULL, 'Morning beach cleanup followed by a volunteer picnic.', 'Volunteer', 'public', '2026-08-16 09:00:00', '2026-08-16 13:00:00', 180, 0.00, 0, 'published', 1),
(2, 2, 'Autumn Leaf Preview Walk', 'A guided seasonal walk highlighting early fall color, native trees, and scenic overlooks.', NULL, NULL, 'Guided walk focused on early fall color and native trees.', 'Nature', 'public', '2026-09-05 10:00:00', '2026-09-05 12:00:00', 90, 6.00, 0, 'published', 1),
(4, 4, 'Campfire Stories at the Gorge', 'An evening storytelling program with family-friendly legends, nature facts, and warm drinks.', NULL, NULL, 'Family-friendly campfire stories and warm drinks.', 'Family', 'public', '2026-09-12 19:00:00', '2026-09-12 21:00:00', 100, 9.00, 0, 'published', 1),
(3, 3, 'Visitor Center Makers Market', 'Local makers, park educators, and community groups host a small indoor-outdoor market.', NULL, NULL, 'Local makers market with park educators and vendors.', 'Market', 'public', '2026-09-20 11:00:00', '2026-09-20 16:00:00', 160, 3.00, 0, 'published', 1),
(6, 6, 'Quiet Trails Mindfulness Walk', 'A slow-paced guided walk focused on mindfulness, nature observation, and low-impact recreation.', NULL, NULL, 'Slow-paced mindfulness walk through quiet trails.', 'Wellness', 'public', '2026-09-27 08:30:00', '2026-09-27 10:00:00', 60, 12.00, 0, 'published', 1),
(5, 5, 'Private Coastal Engagement Celebration', 'Reserved private event with light music, photography time, and coastal lawn seating.', NULL, NULL, 'Private coastal celebration at the lighthouse lawn.', 'Celebration', 'private', '2026-10-03 16:00:00', '2026-10-03 20:00:00', 85, 650.00, 0, 'published', 1),
(3, 3, 'Private Corporate Volunteer Retreat', 'A private team retreat combining a service project, ranger talk, and catered lunch.', NULL, NULL, 'Private corporate retreat with service project and lunch.', 'Corporate', 'private', '2026-10-15 10:00:00', '2026-10-15 15:00:00', 120, 900.00, 0, 'published', 1);

INSERT INTO news (title, topic, published_date, region, summary, content, image_url, image_alt, card_summary, tag, is_featured, news_status) VALUES
('Spring trail readiness updates across NYS parks', 'alerts', '2026-04-14', 'Statewide', 'Trail teams are preparing signage, cleanup areas, and visitor guidance ahead of the spring season.', 'Maintenance crews are reviewing priority routes, refreshing signage, and preparing visitor guidance so spring trail use is safer and easier to navigate.', 'https://images.unsplash.com/photo-1500530855697-b586d89ba3ee?auto=format&fit=crop&w=1200&q=80', 'Forest trail in spring', 'Spring trail readiness and visitor guidance updates.', 'Trail Conditions', 1, 'published'),
('Weekend volunteer day expands native planting projects', 'community', '2026-04-10', 'Hudson Valley', 'Community volunteers are helping improve park landscapes, restore native plant beds, and support seasonal beautification efforts.', 'Volunteer teams will help prepare native plant beds, remove light debris, and support seasonal improvements at select park locations.', 'https://images.unsplash.com/photo-1466692476868-aef1dfb1e735?auto=format&fit=crop&w=1200&q=80', 'Volunteers gardening outdoors', 'Volunteer event supporting native planting projects.', 'Community', 0, 'published'),
('New family nature programs added to the events calendar', 'events', '2026-04-06', 'Finger Lakes', 'The public events calendar now highlights more kid-friendly hikes, ranger talks, and beginner outdoor learning sessions.', 'Families can browse new beginner hikes, guided ranger talks, and hands-on outdoor learning sessions in the events calendar.', 'https://images.unsplash.com/photo-1502082553048-f009c37129b9?auto=format&fit=crop&w=1200&q=80', 'Family hiking through woods', 'New family-friendly nature programs added.', 'Programs', 0, 'published'),
('Visitor safety reminder for waterfront and gorge areas', 'safety', '2026-04-03', 'Southern Tier', 'Guests are encouraged to stay on marked trails, observe posted guidance, and prepare for changing weather conditions.', 'Park staff remind visitors to follow posted signage near water, use designated trails, and prepare for changing spring weather.', 'https://images.unsplash.com/photo-1500534623283-312aade485b7?auto=format&fit=crop&w=1200&q=80', 'Scenic gorge and river area', 'Waterfront and gorge safety reminders.', 'Safety', 0, 'published'),
('Historic site exhibits receive a refreshed digital spotlight', 'parks', '2026-03-29', 'Capital Region', 'Updated site content helps visitors explore park history, exhibits, and destination highlights more easily online.', 'The public site now gives historic destinations a clearer place to feature stories, exhibits, and visitor planning information.', 'https://images.unsplash.com/photo-1510798831971-661eb04b3739?auto=format&fit=crop&w=1200&q=80', 'Historic park landscape', 'Digital spotlight for historic park exhibits.', 'Park Spotlight', 0, 'published'),
('Donation campaign supports seasonal improvements and programming', 'support', '2026-03-24', 'Statewide', 'Public support can help fund park improvements, community programming, and visitor experience projects across the state.', 'Donations support seasonal improvements, public programming, visitor materials, and accessibility-focused project needs.', 'https://images.unsplash.com/photo-1488521787991-ed7bbaae773c?auto=format&fit=crop&w=1200&q=80', 'Hands holding seedlings', 'Donation campaign for seasonal improvements.', 'Support', 0, 'published');

INSERT INTO bookings (client_id, park_id, field_id, event_id, title, booking_type, attendee_email, start_datetime, end_datetime, guest_count, requested_setup, event_description, special_requests, reservation_fee, booking_status, reviewed_by, reviewed_at, admin_notes) VALUES
(3, 3, 3, NULL, 'Community Food Fair', 'Community', 'client@nysparks.local', '2026-07-02 10:00:00', '2026-07-02 15:00:00', 150, 'Tables + power', 'Local food vendors and family activities.', 'Need parking support and ADA access.', 620.00, 'pending', NULL, NULL, NULL),
(3, 1, 1, 7, 'Sunset Wellness Series', 'Wellness', 'client@nysparks.local', '2026-06-18 18:00:00', '2026-06-18 20:00:00', 60, 'Small stage', 'Outdoor wellness class and speaker.', 'Power for microphones.', 180.00, 'approved', 1, '2026-05-10 09:00:00', 'Approved and private event created'),
(3, 2, 2, 8, 'Youth Sports Day', 'Sports', 'client@nysparks.local', '2026-08-14 09:00:00', '2026-08-14 14:00:00', 120, 'Cones + tents', 'Youth sports clinic and family picnic.', 'Need extra restroom signage.', 520.00, 'confirmed', 1, '2026-05-12 11:15:00', 'Confirmed'),
(3, 1, 1, NULL, 'Sunset Jazz Festival', 'Music', 'client@nysparks.local', '2026-08-11 18:00:00', '2026-08-11 22:00:00', 220, 'Stage + seating', 'Evening jazz event with food stalls.', 'Security requested.', 780.00, 'pending', NULL, NULL, NULL);

INSERT INTO attendance (event_id, user_id, attendee_email, guest_count, attendance_status, checked_in_at) VALUES
(1, 3, 'client@nysparks.local', 2, 'registered', NULL),
(2, 3, 'client@nysparks.local', 1, 'attended', '2026-06-20 06:10:00');

INSERT INTO payments (user_id, booking_id, payment_type, payer_name, payer_email, amount, payment_method, card_num, exp_month, exp_year, cvv, payment_status, transaction_ref) VALUES
(3, 2, 'reservation', 'Dev User', 'client@nysparks.local', 180.00, 'card', '4242424242424242', 12, 2027, '123', 'completed', 'RES-2026-0001'),
(3, NULL, 'donation', 'Dev User', 'client@nysparks.local', 50.00, 'card', '4111111111111111', 11, 2027, '321', 'completed', 'DON-2026-0001');

INSERT INTO employee_schedules (employee_id, park_id, shift_date, start_time, end_time, assignment, schedule_status, notes, created_by) VALUES
(2, 1, '2026-06-14', '08:00:00', '16:00:00', 'Events support', 'scheduled', NULL, 1),
(2, 1, '2026-06-15', '09:00:00', '17:00:00', 'Ranger duty', 'scheduled', NULL, 1),
(4, 2, '2026-06-14', '09:00:00', '17:00:00', 'Guest services', 'scheduled', NULL, 1),
(5, 3, '2026-06-15', '07:00:00', '15:00:00', 'Operations', 'scheduled', NULL, 1);

INSERT INTO pto_requests (employee_id, leave_type, start_date, end_date, reason, pto_status, reviewed_by, reviewed_at, admin_notes) VALUES
(2, 'Vacation', '2026-07-20', '2026-07-22', 'Family trip', 'pending', NULL, NULL, NULL),
(4, 'Personal', '2026-08-03', '2026-08-05', 'Personal days', 'approved', 1, '2026-06-01 10:30:00', 'Coverage available'),
(5, 'Sick Leave', '2026-09-12', '2026-09-12', 'Medical appointment', 'pending', NULL, NULL, NULL),
(2, 'Personal', '2026-05-01', '2026-05-01', 'Cancelled sample request', 'cancelled', NULL, NULL, NULL);
