USE nys_parks;
SET FOREIGN_KEY_CHECKS = 0;
DELETE FROM Analytics_Daily;
DELETE FROM Payments;
DELETE FROM Attendance;
DELETE FROM PTO_Requests;
DELETE FROM Employee_Schedules;
DELETE FROM Bookings;
DELETE FROM Events;
DELETE FROM Fields;
DELETE FROM Users;
DELETE FROM Parks;
SET FOREIGN_KEY_CHECKS = 1;

INSERT INTO Parks (park_id, park_name, region, park_type, address, city, state, zip_code, hours, total_fields, max_capacity, amenities, summary, image_url, latitude, longitude) VALUES
    (1, 'Letchworth State Park', 'Finger Lakes', 'Nature', '1 Letchworth State Park', 'Mount Morris', 'NY', '14510', '6:00 AM - 11:00 PM', 2, 2000, 'Waterfalls, Trails, Camping, Scenic Overlooks', 'Known as the Grand Canyon of the East and famous for its gorge and waterfall views.', 'https://images.unsplash.com/photo-1500530855697-b586d89ba3ee?auto=format&fit=crop&w=1200&q=80', 42.6461, -77.9817),
    (2, 'Jones Beach State Park', 'Long Island', 'Beach', '1 Ocean Parkway', 'Wantagh', 'NY', '11793', '6:00 AM - Sunset', 2, 5000, 'Beach, Boardwalk, Concerts, Fishing', 'An iconic oceanfront destination with beach access, concerts, and family attractions.', 'https://images.unsplash.com/photo-1507525428034-b723cf961d3e?auto=format&fit=crop&w=1200&q=80', 40.5968, -73.5085),
    (3, 'Watkins Glen State Park', 'Southern Tier', 'Nature', '1009 N Franklin St', 'Watkins Glen', 'NY', '14891', '8:00 AM - Dusk', 1, 1800, 'Gorge Trail, Waterfalls, Photography, Picnics', 'A dramatic gorge park with trails, stone bridges, and waterfalls.', 'https://images.unsplash.com/photo-1441974231531-c6227db76b6e?auto=format&fit=crop&w=1200&q=80', 42.3809, -76.873),
    (4, 'Bear Mountain State Park', 'Hudson Valley', 'Mountain', '3006 Seven Lakes Dr', 'Bear Mountain', 'NY', '10911', '6:00 AM - 9:00 PM', 2, 2200, 'Hiking, Zoo, Picnic Areas, Scenic Drives', 'A Hudson Valley favorite with trails, river views, and year-round recreation.', 'https://images.unsplash.com/photo-1464822759023-fed622ff2c3b?auto=format&fit=crop&w=1200&q=80', 41.3129, -73.9882),
    (5, 'Saratoga Spa State Park', 'Capital Region', 'Family', '19 Roosevelt Dr', 'Saratoga Springs', 'NY', '12866', '6:00 AM - 10:00 PM', 1, 2400, 'Pools, Golf, Performing Arts, Trails', 'A cultural and recreation destination with pools, performing arts, and mineral springs.', 'https://images.unsplash.com/photo-1501785888041-af3ef285b470?auto=format&fit=crop&w=1200&q=80', 43.0327, -73.7679),
    (6, 'Niagara Falls State Park', 'Western New York', 'Landmark', '332 Prospect St', 'Niagara Falls', 'NY', '14303', 'Open Daily', 1, 6000, 'Waterfalls, Observation Areas, Tours, Family Attractions', 'A world-famous park anchored by iconic waterfalls and visitor experiences.', 'https://images.unsplash.com/photo-1482192596544-9eb780fc7f66?auto=format&fit=crop&w=1200&q=80', 43.0962, -79.0377);

INSERT INTO Users (user_id, first_name, last_name, email, password_hash, role, phone, park_id, account_status) VALUES
    (1, 'Casey', 'Client', 'client.demo@nysparks.local', '$2y$12$9QVuGYuDMDxijo.0IJMTJeCBMT3AWOdhumvbv9A5DqOg6L1Q/QBpe', 'client', '555-100-1001', NULL, 'active'),
    (2, 'Ellis', 'Employee', 'employee.demo@nysparks.local', '$2y$12$9QVuGYuDMDxijo.0IJMTJeCBMT3AWOdhumvbv9A5DqOg6L1Q/QBpe', 'employee', '555-100-1002', 1, 'active'),
    (3, 'Avery', 'Admin', 'admin.demo@nysparks.local', '$2y$12$9QVuGYuDMDxijo.0IJMTJeCBMT3AWOdhumvbv9A5DqOg6L1Q/QBpe', 'admin', '555-100-1003', 1, 'active'),
    (4, 'Jordan', 'Fields', 'jordan.fields@example.com', '$2y$12$9QVuGYuDMDxijo.0IJMTJeCBMT3AWOdhumvbv9A5DqOg6L1Q/QBpe', 'client', '555-100-1004', NULL, 'active'),
    (5, 'Morgan', 'Lee', 'morgan.lee@example.com', '$2y$12$9QVuGYuDMDxijo.0IJMTJeCBMT3AWOdhumvbv9A5DqOg6L1Q/QBpe', 'client', '555-100-1005', NULL, 'active'),
    (6, 'Mia', 'Torres', 'mia.torres@nysparks.local', '$2y$12$9QVuGYuDMDxijo.0IJMTJeCBMT3AWOdhumvbv9A5DqOg6L1Q/QBpe', 'employee', '555-100-1006', 2, 'active'),
    (7, 'Noah', 'Patel', 'noah.patel@nysparks.local', '$2y$12$9QVuGYuDMDxijo.0IJMTJeCBMT3AWOdhumvbv9A5DqOg6L1Q/QBpe', 'employee', '555-100-1007', 4, 'active');

INSERT INTO Fields (field_id, park_id, field_name, field_type, field_size, capacity, availability_status, notes) VALUES
    (101, 1, 'North Picnic Field', 'Picnic', 25000, 80, 'available', 'Popular family picnic area.'),
    (102, 1, 'Falls Overlook Lawn', 'Event Lawn', 45000, 120, 'available', 'Often used for ceremonies and group events.'),
    (201, 2, 'Ocean Lawn', 'Open Lawn', 50000, 150, 'available', 'Open event lawn near the shore.'),
    (202, 2, 'Boardwalk Pavilion Area', 'Pavilion', 22000, 100, 'available', 'Covered pavilion area for gatherings.'),
    (301, 4, 'Lakeside Activity Field', 'Activity Field', 30000, 90, 'available', 'Activity field beside the lake.'),
    (302, 4, 'Scenic Grove Picnic Area', 'Picnic', 18000, 70, 'available', 'Picnic area with tree cover.'),
    (401, 3, 'Gorge Meadow', 'Meadow', 15000, 60, 'available', 'Smaller meadow for quiet gatherings.'),
    (501, 5, 'Performing Arts Lawn', 'Event Lawn', 48000, 140, 'available', 'Large lawn near arts venues.'),
    (601, 6, 'Observation Picnic Terrace', 'Terrace', 12000, 50, 'available', 'Terrace area with scenic views.');

INSERT INTO Events (event_id, park_id, field_id, booking_id, title, description, category, event_type, start_datetime, end_datetime, capacity, fee_amount, image_url, event_status, created_by) VALUES
    (1001, 2, NULL, NULL, 'Sunrise Yoga on the Shore', 'Start the morning with a guided yoga session near the water.', 'Wellness', 'public', '2026-04-27 08:00:00', '2026-04-27 09:30:00', 90, 25.0, 'https://images.unsplash.com/photo-1506126613408-eca07ce68773?auto=format&fit=crop&w=1200&q=80', 'published', 3),
    (1002, 3, NULL, NULL, 'Nature Photography Walk', 'Join a ranger-led walk focused on waterfalls and scenery.', 'Nature', 'public', '2026-05-02 10:00:00', '2026-05-02 12:00:00', 60, 15.0, 'https://images.unsplash.com/photo-1500534314209-a25ddb2bd429?auto=format&fit=crop&w=1200&q=80', 'published', 3),
    (1003, 1, NULL, NULL, 'Family Picnic and Ranger Talk', 'Pack a lunch and enjoy a family-friendly afternoon outdoors.', 'Family', 'public', '2026-05-08 13:00:00', '2026-05-08 15:00:00', 120, 0.0, 'https://images.unsplash.com/photo-1501785888041-af3ef285b470?auto=format&fit=crop&w=1200&q=80', 'published', 3),
    (1004, 4, NULL, NULL, 'Hudson Valley Trail Challenge', 'A guided hiking challenge with scenic views.', 'Hiking', 'public', '2026-05-16 09:00:00', '2026-05-16 12:30:00', 85, 20.0, 'https://images.unsplash.com/photo-1464822759023-fed622ff2c3b?auto=format&fit=crop&w=1200&q=80', 'published', 3),
    (1005, 5, NULL, NULL, 'Evening Concert on the Lawn', 'Live music and food vendors in one of NY\'s best-known parks.', 'Music', 'public', '2026-05-24 18:30:00', '2026-05-24 20:30:00', 250, 35.0, 'https://images.unsplash.com/photo-1506157786151-b8491531f063?auto=format&fit=crop&w=1200&q=80', 'published', 3),
    (1006, 6, NULL, NULL, 'Niagara Falls History Tour', 'Discover stories and landmarks tied to Niagara Falls.', 'History', 'public', '2026-05-31 11:00:00', '2026-05-31 12:30:00', 75, 18.0, 'https://images.unsplash.com/photo-1482192596544-9eb780fc7f66?auto=format&fit=crop&w=1200&q=80', 'published', 3),
    (2001, 1, 101, NULL, 'Birthday Picnic Reservation', 'Private family reservation.', 'Private Event', 'private', '2026-04-30 11:00:00', '2026-04-30 15:00:00', 30, 125.0, NULL, 'published', 1),
    (2002, 2, 201, NULL, 'Community Wellness Meetup', 'Private wellness meetup request.', 'Private Event', 'private', '2026-05-11 09:00:00', '2026-05-11 12:00:00', 45, 0.0, NULL, 'draft', 1),
    (2003, 4, 301, NULL, 'Family Reunion Field Day', 'Private reunion event.', 'Private Event', 'private', '2026-04-02 10:00:00', '2026-04-02 14:00:00', 60, 175.0, NULL, 'completed', 1),
    (2004, 5, 501, NULL, 'Corporate Retreat Field Day', 'Corporate team event.', 'Private Event', 'private', '2026-05-18 10:00:00', '2026-05-18 15:00:00', 140, 200.0, NULL, 'draft', 1);

INSERT INTO Bookings (booking_id, user_id, park_id, event_id, field_id, attendee_email, start_datetime, end_datetime, guest_count, special_requests, booking_status, reservation_fee, reviewed_by, decision_date, created_at) VALUES
    (5001, 1, 1, 2001, 101, 'client.demo@nysparks.local', '2026-04-30 11:00:00', '2026-04-30 15:00:00', 30, 'Need two nearby picnic tables and accessible parking information.', 'approved', 125.0, 3, '2026-04-18 14:30:00', '2026-04-24 11:00:00'),
    (5002, 1, 2, 2002, 201, 'client.demo@nysparks.local', '2026-05-11 09:00:00', '2026-05-11 12:00:00', 45, 'Please review outdoor sound policy.', 'pending', 0.0, NULL, NULL, '2026-05-10 09:00:00'),
    (5003, 1, 4, 2003, 301, 'client.demo@nysparks.local', '2026-04-02 10:00:00', '2026-04-02 14:00:00', 60, 'Completed family reunion event used for dashboard history preview.', 'confirmed', 175.0, 3, '2026-03-21 09:15:00', '2026-03-27 10:00:00'),
    (8101, 4, 1, 2001, 101, 'jordan.fields@example.com', '2026-04-25 12:00:00', '2026-04-25 16:00:00', 35, 'Needs two accessible parking spots and picnic tables.', 'approved', 125.0, 3, '2026-04-18 10:00:00', '2026-04-19 12:00:00'),
    (8102, 4, 4, 2004, 301, 'jordan.fields@example.com', '2026-05-02 09:00:00', '2026-05-02 13:00:00', 50, 'Please confirm restroom access near the field.', 'pending', 0.0, NULL, NULL, '2026-05-01 09:00:00'),
    (8103, 5, 2, 2002, 201, 'morgan.lee@example.com', '2026-05-11 17:00:00', '2026-05-11 21:00:00', 90, 'Approved with evening access extension.', 'confirmed', 250.0, 3, '2026-04-13 16:00:00', '2026-05-05 17:00:00'),
    (8104, 5, 5, 2004, 501, 'morgan.lee@example.com', '2026-05-18 10:00:00', '2026-05-18 15:00:00', 140, 'Requested during peak park festival weekend.', 'denied', 200.0, 3, '2026-04-17 11:45:00', '2026-05-12 10:00:00');

UPDATE Events SET booking_id = 5001 WHERE event_id = 2001;
UPDATE Events SET booking_id = 5002 WHERE event_id = 2002;
UPDATE Events SET booking_id = 5003 WHERE event_id = 2003;
UPDATE Events SET booking_id = 8104 WHERE event_id = 2004;

INSERT INTO Attendance (attendance_id, event_id, user_id, attendee_email, guest_count, attendance_status) VALUES
    (1, 1001, 1, 'client.demo@nysparks.local', 2, 'attending'),
    (2, 1002, NULL, 'guest1@example.com', 4, 'attending'),
    (3, 1003, NULL, 'family.group@example.com', 5, 'attending');

INSERT INTO Payments (payment_id, user_id, booking_id, payment_type, amount, payment_method, transaction_ref, payment_status) VALUES
    (1, 1, 5001, 'reservation', 125.0, 'card', 'TXN-BOOK-5001', 'completed'),
    (2, 1, 5003, 'reservation', 175.0, 'card', 'TXN-BOOK-5003', 'completed'),
    (3, 1, NULL, 'donation', 50.0, 'paypal', 'TXN-DON-0001', 'completed');

INSERT INTO Employee_Schedules (schedule_id, employee_id, park_id, shift_date, start_time, end_time, schedule_status, notes) VALUES
    (1, 2, 1, '2026-04-21', '08:00:00', '16:00:00', 'scheduled', 'Morning grounds shift.'),
    (2, 2, 1, '2026-04-23', '09:00:00', '17:00:00', 'scheduled', 'Visitor support rotation.'),
    (3, 6, 2, '2026-04-22', '10:00:00', '18:00:00', 'scheduled', 'Jones Beach weekend prep.'),
    (4, 7, 4, '2026-04-24', '07:00:00', '15:00:00', 'scheduled', 'Trail maintenance support.');

INSERT INTO PTO_Requests (pto_id, employee_id, start_date, end_date, reason, pto_status, reviewed_by, decision_date) VALUES
    (1, 2, '2026-05-04', '2026-05-06', 'Family travel request.', 'pending', NULL, NULL),
    (2, 6, '2026-05-10', '2026-05-11', 'Medical appointment and recovery day.', 'approved', 3, '2026-04-18 09:00:00'),
    (3, 7, '2026-04-30', '2026-05-02', 'Requested during peak staffing weekend.', 'denied', 3, '2026-04-17 13:30:00');

INSERT INTO Analytics_Daily (analytics_id, metric_date, park_id, site_visits, bookings_created, park_visits) VALUES
    (NULL, '2026-01-21', NULL, 466, 3, 0),
    (NULL, '2026-01-21', 1, 0, 0, 220),
    (NULL, '2026-01-21', 2, 0, 0, 355),
    (NULL, '2026-01-21', 3, 0, 0, 170),
    (NULL, '2026-01-21', 4, 0, 0, 210),
    (NULL, '2026-01-21', 5, 0, 0, 190),
    (NULL, '2026-01-21', 6, 0, 0, 302),
    (NULL, '2026-01-22', NULL, 488, 4, 0),
    (NULL, '2026-01-22', 1, 0, 0, 232),
    (NULL, '2026-01-22', 2, 0, 0, 367),
    (NULL, '2026-01-22', 3, 0, 0, 182),
    (NULL, '2026-01-22', 4, 0, 0, 222),
    (NULL, '2026-01-22', 5, 0, 0, 202),
    (NULL, '2026-01-22', 6, 0, 0, 314),
    (NULL, '2026-01-23', NULL, 510, 6, 0),
    (NULL, '2026-01-23', 1, 0, 0, 244),
    (NULL, '2026-01-23', 2, 0, 0, 379),
    (NULL, '2026-01-23', 3, 0, 0, 194),
    (NULL, '2026-01-23', 4, 0, 0, 234),
    (NULL, '2026-01-23', 5, 0, 0, 214),
    (NULL, '2026-01-23', 6, 0, 0, 326),
    (NULL, '2026-01-24', NULL, 532, 7, 0),
    (NULL, '2026-01-24', 1, 0, 0, 256),
    (NULL, '2026-01-24', 2, 0, 0, 391),
    (NULL, '2026-01-24', 3, 0, 0, 206),
    (NULL, '2026-01-24', 4, 0, 0, 246),
    (NULL, '2026-01-24', 5, 0, 0, 226),
    (NULL, '2026-01-24', 6, 0, 0, 338),
    (NULL, '2026-01-25', NULL, 554, 7, 0),
    (NULL, '2026-01-25', 1, 0, 0, 268),
    (NULL, '2026-01-25', 2, 0, 0, 403),
    (NULL, '2026-01-25', 3, 0, 0, 218),
    (NULL, '2026-01-25', 4, 0, 0, 258),
    (NULL, '2026-01-25', 5, 0, 0, 238),
    (NULL, '2026-01-25', 6, 0, 0, 350),
    (NULL, '2026-01-26', NULL, 450, 3, 0),
    (NULL, '2026-01-26', 1, 0, 0, 280),
    (NULL, '2026-01-26', 2, 0, 0, 415),
    (NULL, '2026-01-26', 3, 0, 0, 230),
    (NULL, '2026-01-26', 4, 0, 0, 270),
    (NULL, '2026-01-26', 5, 0, 0, 250),
    (NULL, '2026-01-26', 6, 0, 0, 362),
    (NULL, '2026-01-27', NULL, 472, 4, 0),
    (NULL, '2026-01-27', 1, 0, 0, 292),
    (NULL, '2026-01-27', 2, 0, 0, 427),
    (NULL, '2026-01-27', 3, 0, 0, 242),
    (NULL, '2026-01-27', 4, 0, 0, 282),
    (NULL, '2026-01-27', 5, 0, 0, 262),
    (NULL, '2026-01-27', 6, 0, 0, 374),
    (NULL, '2026-01-28', NULL, 494, 5, 0),
    (NULL, '2026-01-28', 1, 0, 0, 220),
    (NULL, '2026-01-28', 2, 0, 0, 355),
    (NULL, '2026-01-28', 3, 0, 0, 170),
    (NULL, '2026-01-28', 4, 0, 0, 210),
    (NULL, '2026-01-28', 5, 0, 0, 190),
    (NULL, '2026-01-28', 6, 0, 0, 302),
    (NULL, '2026-01-29', NULL, 516, 6, 0),
    (NULL, '2026-01-29', 1, 0, 0, 232),
    (NULL, '2026-01-29', 2, 0, 0, 367),
    (NULL, '2026-01-29', 3, 0, 0, 182),
    (NULL, '2026-01-29', 4, 0, 0, 222),
    (NULL, '2026-01-29', 5, 0, 0, 202),
    (NULL, '2026-01-29', 6, 0, 0, 314),
    (NULL, '2026-01-30', NULL, 538, 8, 0),
    (NULL, '2026-01-30', 1, 0, 0, 244),
    (NULL, '2026-01-30', 2, 0, 0, 379),
    (NULL, '2026-01-30', 3, 0, 0, 194),
    (NULL, '2026-01-30', 4, 0, 0, 234),
    (NULL, '2026-01-30', 5, 0, 0, 214),
    (NULL, '2026-01-30', 6, 0, 0, 326),
    (NULL, '2026-01-31', NULL, 560, 4, 0),
    (NULL, '2026-01-31', 1, 0, 0, 256),
    (NULL, '2026-01-31', 2, 0, 0, 391),
    (NULL, '2026-01-31', 3, 0, 0, 206),
    (NULL, '2026-01-31', 4, 0, 0, 246),
    (NULL, '2026-01-31', 5, 0, 0, 226),
    (NULL, '2026-01-31', 6, 0, 0, 338),
    (NULL, '2026-02-01', NULL, 582, 4, 0),
    (NULL, '2026-02-01', 1, 0, 0, 268),
    (NULL, '2026-02-01', 2, 0, 0, 403),
    (NULL, '2026-02-01', 3, 0, 0, 218),
    (NULL, '2026-02-01', 4, 0, 0, 258),
    (NULL, '2026-02-01', 5, 0, 0, 238),
    (NULL, '2026-02-01', 6, 0, 0, 350),
    (NULL, '2026-02-02', NULL, 478, 5, 0),
    (NULL, '2026-02-02', 1, 0, 0, 280),
    (NULL, '2026-02-02', 2, 0, 0, 415),
    (NULL, '2026-02-02', 3, 0, 0, 230),
    (NULL, '2026-02-02', 4, 0, 0, 270),
    (NULL, '2026-02-02', 5, 0, 0, 250),
    (NULL, '2026-02-02', 6, 0, 0, 362),
    (NULL, '2026-02-03', NULL, 500, 6, 0),
    (NULL, '2026-02-03', 1, 0, 0, 292),
    (NULL, '2026-02-03', 2, 0, 0, 427),
    (NULL, '2026-02-03', 3, 0, 0, 242),
    (NULL, '2026-02-03', 4, 0, 0, 282),
    (NULL, '2026-02-03', 5, 0, 0, 262),
    (NULL, '2026-02-03', 6, 0, 0, 374),
    (NULL, '2026-02-04', NULL, 522, 7, 0),
    (NULL, '2026-02-04', 1, 0, 0, 220),
    (NULL, '2026-02-04', 2, 0, 0, 355),
    (NULL, '2026-02-04', 3, 0, 0, 170),
    (NULL, '2026-02-04', 4, 0, 0, 210),
    (NULL, '2026-02-04', 5, 0, 0, 190),
    (NULL, '2026-02-04', 6, 0, 0, 302),
    (NULL, '2026-02-05', NULL, 544, 3, 0),
    (NULL, '2026-02-05', 1, 0, 0, 232),
    (NULL, '2026-02-05', 2, 0, 0, 367),
    (NULL, '2026-02-05', 3, 0, 0, 182),
    (NULL, '2026-02-05', 4, 0, 0, 222),
    (NULL, '2026-02-05', 5, 0, 0, 202),
    (NULL, '2026-02-05', 6, 0, 0, 314),
    (NULL, '2026-02-06', NULL, 566, 5, 0),
    (NULL, '2026-02-06', 1, 0, 0, 244),
    (NULL, '2026-02-06', 2, 0, 0, 379),
    (NULL, '2026-02-06', 3, 0, 0, 194),
    (NULL, '2026-02-06', 4, 0, 0, 234),
    (NULL, '2026-02-06', 5, 0, 0, 214),
    (NULL, '2026-02-06', 6, 0, 0, 326),
    (NULL, '2026-02-07', NULL, 588, 6, 0),
    (NULL, '2026-02-07', 1, 0, 0, 256),
    (NULL, '2026-02-07', 2, 0, 0, 391),
    (NULL, '2026-02-07', 3, 0, 0, 206),
    (NULL, '2026-02-07', 4, 0, 0, 246),
    (NULL, '2026-02-07', 5, 0, 0, 226),
    (NULL, '2026-02-07', 6, 0, 0, 338),
    (NULL, '2026-02-08', NULL, 610, 6, 0),
    (NULL, '2026-02-08', 1, 0, 0, 268),
    (NULL, '2026-02-08', 2, 0, 0, 403),
    (NULL, '2026-02-08', 3, 0, 0, 218),
    (NULL, '2026-02-08', 4, 0, 0, 258),
    (NULL, '2026-02-08', 5, 0, 0, 238),
    (NULL, '2026-02-08', 6, 0, 0, 350),
    (NULL, '2026-02-09', NULL, 506, 7, 0),
    (NULL, '2026-02-09', 1, 0, 0, 280),
    (NULL, '2026-02-09', 2, 0, 0, 415),
    (NULL, '2026-02-09', 3, 0, 0, 230),
    (NULL, '2026-02-09', 4, 0, 0, 270),
    (NULL, '2026-02-09', 5, 0, 0, 250),
    (NULL, '2026-02-09', 6, 0, 0, 362),
    (NULL, '2026-02-10', NULL, 528, 3, 0),
    (NULL, '2026-02-10', 1, 0, 0, 292),
    (NULL, '2026-02-10', 2, 0, 0, 427),
    (NULL, '2026-02-10', 3, 0, 0, 242),
    (NULL, '2026-02-10', 4, 0, 0, 282),
    (NULL, '2026-02-10', 5, 0, 0, 262),
    (NULL, '2026-02-10', 6, 0, 0, 374),
    (NULL, '2026-02-11', NULL, 550, 4, 0),
    (NULL, '2026-02-11', 1, 0, 0, 220),
    (NULL, '2026-02-11', 2, 0, 0, 355),
    (NULL, '2026-02-11', 3, 0, 0, 170),
    (NULL, '2026-02-11', 4, 0, 0, 210),
    (NULL, '2026-02-11', 5, 0, 0, 190),
    (NULL, '2026-02-11', 6, 0, 0, 302),
    (NULL, '2026-02-12', NULL, 572, 5, 0),
    (NULL, '2026-02-12', 1, 0, 0, 232),
    (NULL, '2026-02-12', 2, 0, 0, 367),
    (NULL, '2026-02-12', 3, 0, 0, 182),
    (NULL, '2026-02-12', 4, 0, 0, 222),
    (NULL, '2026-02-12', 5, 0, 0, 202),
    (NULL, '2026-02-12', 6, 0, 0, 314),
    (NULL, '2026-02-13', NULL, 594, 7, 0),
    (NULL, '2026-02-13', 1, 0, 0, 244),
    (NULL, '2026-02-13', 2, 0, 0, 379),
    (NULL, '2026-02-13', 3, 0, 0, 194),
    (NULL, '2026-02-13', 4, 0, 0, 234),
    (NULL, '2026-02-13', 5, 0, 0, 214),
    (NULL, '2026-02-13', 6, 0, 0, 326),
    (NULL, '2026-02-14', NULL, 616, 8, 0),
    (NULL, '2026-02-14', 1, 0, 0, 256),
    (NULL, '2026-02-14', 2, 0, 0, 391),
    (NULL, '2026-02-14', 3, 0, 0, 206),
    (NULL, '2026-02-14', 4, 0, 0, 246),
    (NULL, '2026-02-14', 5, 0, 0, 226),
    (NULL, '2026-02-14', 6, 0, 0, 338),
    (NULL, '2026-02-15', NULL, 638, 3, 0),
    (NULL, '2026-02-15', 1, 0, 0, 268),
    (NULL, '2026-02-15', 2, 0, 0, 403),
    (NULL, '2026-02-15', 3, 0, 0, 218),
    (NULL, '2026-02-15', 4, 0, 0, 258),
    (NULL, '2026-02-15', 5, 0, 0, 238),
    (NULL, '2026-02-15', 6, 0, 0, 350),
    (NULL, '2026-02-16', NULL, 534, 4, 0),
    (NULL, '2026-02-16', 1, 0, 0, 280),
    (NULL, '2026-02-16', 2, 0, 0, 415),
    (NULL, '2026-02-16', 3, 0, 0, 230),
    (NULL, '2026-02-16', 4, 0, 0, 270),
    (NULL, '2026-02-16', 5, 0, 0, 250),
    (NULL, '2026-02-16', 6, 0, 0, 362),
    (NULL, '2026-02-17', NULL, 556, 5, 0),
    (NULL, '2026-02-17', 1, 0, 0, 292),
    (NULL, '2026-02-17', 2, 0, 0, 427),
    (NULL, '2026-02-17', 3, 0, 0, 242),
    (NULL, '2026-02-17', 4, 0, 0, 282),
    (NULL, '2026-02-17', 5, 0, 0, 262),
    (NULL, '2026-02-17', 6, 0, 0, 374),
    (NULL, '2026-02-18', NULL, 578, 6, 0),
    (NULL, '2026-02-18', 1, 0, 0, 220),
    (NULL, '2026-02-18', 2, 0, 0, 355),
    (NULL, '2026-02-18', 3, 0, 0, 170),
    (NULL, '2026-02-18', 4, 0, 0, 210),
    (NULL, '2026-02-18', 5, 0, 0, 190),
    (NULL, '2026-02-18', 6, 0, 0, 302),
    (NULL, '2026-02-19', NULL, 600, 7, 0),
    (NULL, '2026-02-19', 1, 0, 0, 232),
    (NULL, '2026-02-19', 2, 0, 0, 367),
    (NULL, '2026-02-19', 3, 0, 0, 182),
    (NULL, '2026-02-19', 4, 0, 0, 222),
    (NULL, '2026-02-19', 5, 0, 0, 202),
    (NULL, '2026-02-19', 6, 0, 0, 314),
    (NULL, '2026-02-20', NULL, 622, 4, 0),
    (NULL, '2026-02-20', 1, 0, 0, 244),
    (NULL, '2026-02-20', 2, 0, 0, 379),
    (NULL, '2026-02-20', 3, 0, 0, 194),
    (NULL, '2026-02-20', 4, 0, 0, 234),
    (NULL, '2026-02-20', 5, 0, 0, 214),
    (NULL, '2026-02-20', 6, 0, 0, 326),
    (NULL, '2026-02-21', NULL, 644, 5, 0),
    (NULL, '2026-02-21', 1, 0, 0, 256),
    (NULL, '2026-02-21', 2, 0, 0, 391),
    (NULL, '2026-02-21', 3, 0, 0, 206),
    (NULL, '2026-02-21', 4, 0, 0, 246),
    (NULL, '2026-02-21', 5, 0, 0, 226),
    (NULL, '2026-02-21', 6, 0, 0, 338),
    (NULL, '2026-02-22', NULL, 666, 5, 0),
    (NULL, '2026-02-22', 1, 0, 0, 268),
    (NULL, '2026-02-22', 2, 0, 0, 403),
    (NULL, '2026-02-22', 3, 0, 0, 218),
    (NULL, '2026-02-22', 4, 0, 0, 258),
    (NULL, '2026-02-22', 5, 0, 0, 238),
    (NULL, '2026-02-22', 6, 0, 0, 350),
    (NULL, '2026-02-23', NULL, 562, 6, 0),
    (NULL, '2026-02-23', 1, 0, 0, 280),
    (NULL, '2026-02-23', 2, 0, 0, 415),
    (NULL, '2026-02-23', 3, 0, 0, 230),
    (NULL, '2026-02-23', 4, 0, 0, 270),
    (NULL, '2026-02-23', 5, 0, 0, 250),
    (NULL, '2026-02-23', 6, 0, 0, 362),
    (NULL, '2026-02-24', NULL, 584, 7, 0),
    (NULL, '2026-02-24', 1, 0, 0, 292),
    (NULL, '2026-02-24', 2, 0, 0, 427),
    (NULL, '2026-02-24', 3, 0, 0, 242),
    (NULL, '2026-02-24', 4, 0, 0, 282),
    (NULL, '2026-02-24', 5, 0, 0, 262),
    (NULL, '2026-02-24', 6, 0, 0, 374),
    (NULL, '2026-02-25', NULL, 606, 3, 0),
    (NULL, '2026-02-25', 1, 0, 0, 220),
    (NULL, '2026-02-25', 2, 0, 0, 355),
    (NULL, '2026-02-25', 3, 0, 0, 170),
    (NULL, '2026-02-25', 4, 0, 0, 210),
    (NULL, '2026-02-25', 5, 0, 0, 190),
    (NULL, '2026-02-25', 6, 0, 0, 302),
    (NULL, '2026-02-26', NULL, 628, 4, 0),
    (NULL, '2026-02-26', 1, 0, 0, 232),
    (NULL, '2026-02-26', 2, 0, 0, 367),
    (NULL, '2026-02-26', 3, 0, 0, 182),
    (NULL, '2026-02-26', 4, 0, 0, 222),
    (NULL, '2026-02-26', 5, 0, 0, 202),
    (NULL, '2026-02-26', 6, 0, 0, 314),
    (NULL, '2026-02-27', NULL, 650, 6, 0),
    (NULL, '2026-02-27', 1, 0, 0, 244),
    (NULL, '2026-02-27', 2, 0, 0, 379),
    (NULL, '2026-02-27', 3, 0, 0, 194),
    (NULL, '2026-02-27', 4, 0, 0, 234),
    (NULL, '2026-02-27', 5, 0, 0, 214),
    (NULL, '2026-02-27', 6, 0, 0, 326),
    (NULL, '2026-02-28', NULL, 672, 7, 0),
    (NULL, '2026-02-28', 1, 0, 0, 256),
    (NULL, '2026-02-28', 2, 0, 0, 391),
    (NULL, '2026-02-28', 3, 0, 0, 206),
    (NULL, '2026-02-28', 4, 0, 0, 246),
    (NULL, '2026-02-28', 5, 0, 0, 226),
    (NULL, '2026-02-28', 6, 0, 0, 338),
    (NULL, '2026-03-01', NULL, 694, 7, 0),
    (NULL, '2026-03-01', 1, 0, 0, 268),
    (NULL, '2026-03-01', 2, 0, 0, 403),
    (NULL, '2026-03-01', 3, 0, 0, 218),
    (NULL, '2026-03-01', 4, 0, 0, 258),
    (NULL, '2026-03-01', 5, 0, 0, 238),
    (NULL, '2026-03-01', 6, 0, 0, 350),
    (NULL, '2026-03-02', NULL, 590, 3, 0),
    (NULL, '2026-03-02', 1, 0, 0, 280),
    (NULL, '2026-03-02', 2, 0, 0, 415),
    (NULL, '2026-03-02', 3, 0, 0, 230),
    (NULL, '2026-03-02', 4, 0, 0, 270),
    (NULL, '2026-03-02', 5, 0, 0, 250),
    (NULL, '2026-03-02', 6, 0, 0, 362),
    (NULL, '2026-03-03', NULL, 612, 4, 0),
    (NULL, '2026-03-03', 1, 0, 0, 292),
    (NULL, '2026-03-03', 2, 0, 0, 427),
    (NULL, '2026-03-03', 3, 0, 0, 242),
    (NULL, '2026-03-03', 4, 0, 0, 282),
    (NULL, '2026-03-03', 5, 0, 0, 262),
    (NULL, '2026-03-03', 6, 0, 0, 374),
    (NULL, '2026-03-04', NULL, 634, 5, 0),
    (NULL, '2026-03-04', 1, 0, 0, 220),
    (NULL, '2026-03-04', 2, 0, 0, 355),
    (NULL, '2026-03-04', 3, 0, 0, 170),
    (NULL, '2026-03-04', 4, 0, 0, 210),
    (NULL, '2026-03-04', 5, 0, 0, 190),
    (NULL, '2026-03-04', 6, 0, 0, 302),
    (NULL, '2026-03-05', NULL, 656, 6, 0),
    (NULL, '2026-03-05', 1, 0, 0, 232),
    (NULL, '2026-03-05', 2, 0, 0, 367),
    (NULL, '2026-03-05', 3, 0, 0, 182),
    (NULL, '2026-03-05', 4, 0, 0, 222),
    (NULL, '2026-03-05', 5, 0, 0, 202),
    (NULL, '2026-03-05', 6, 0, 0, 314),
    (NULL, '2026-03-06', NULL, 678, 8, 0),
    (NULL, '2026-03-06', 1, 0, 0, 244),
    (NULL, '2026-03-06', 2, 0, 0, 379),
    (NULL, '2026-03-06', 3, 0, 0, 194),
    (NULL, '2026-03-06', 4, 0, 0, 234),
    (NULL, '2026-03-06', 5, 0, 0, 214),
    (NULL, '2026-03-06', 6, 0, 0, 326),
    (NULL, '2026-03-07', NULL, 700, 4, 0),
    (NULL, '2026-03-07', 1, 0, 0, 256),
    (NULL, '2026-03-07', 2, 0, 0, 391),
    (NULL, '2026-03-07', 3, 0, 0, 206),
    (NULL, '2026-03-07', 4, 0, 0, 246),
    (NULL, '2026-03-07', 5, 0, 0, 226),
    (NULL, '2026-03-07', 6, 0, 0, 338),
    (NULL, '2026-03-08', NULL, 722, 4, 0),
    (NULL, '2026-03-08', 1, 0, 0, 268),
    (NULL, '2026-03-08', 2, 0, 0, 403),
    (NULL, '2026-03-08', 3, 0, 0, 218),
    (NULL, '2026-03-08', 4, 0, 0, 258),
    (NULL, '2026-03-08', 5, 0, 0, 238),
    (NULL, '2026-03-08', 6, 0, 0, 350),
    (NULL, '2026-03-09', NULL, 618, 5, 0),
    (NULL, '2026-03-09', 1, 0, 0, 280),
    (NULL, '2026-03-09', 2, 0, 0, 415),
    (NULL, '2026-03-09', 3, 0, 0, 230),
    (NULL, '2026-03-09', 4, 0, 0, 270),
    (NULL, '2026-03-09', 5, 0, 0, 250),
    (NULL, '2026-03-09', 6, 0, 0, 362),
    (NULL, '2026-03-10', NULL, 640, 6, 0),
    (NULL, '2026-03-10', 1, 0, 0, 292),
    (NULL, '2026-03-10', 2, 0, 0, 427),
    (NULL, '2026-03-10', 3, 0, 0, 242),
    (NULL, '2026-03-10', 4, 0, 0, 282),
    (NULL, '2026-03-10', 5, 0, 0, 262),
    (NULL, '2026-03-10', 6, 0, 0, 374),
    (NULL, '2026-03-11', NULL, 662, 7, 0),
    (NULL, '2026-03-11', 1, 0, 0, 220),
    (NULL, '2026-03-11', 2, 0, 0, 355),
    (NULL, '2026-03-11', 3, 0, 0, 170),
    (NULL, '2026-03-11', 4, 0, 0, 210),
    (NULL, '2026-03-11', 5, 0, 0, 190),
    (NULL, '2026-03-11', 6, 0, 0, 302),
    (NULL, '2026-03-12', NULL, 684, 3, 0),
    (NULL, '2026-03-12', 1, 0, 0, 232),
    (NULL, '2026-03-12', 2, 0, 0, 367),
    (NULL, '2026-03-12', 3, 0, 0, 182),
    (NULL, '2026-03-12', 4, 0, 0, 222),
    (NULL, '2026-03-12', 5, 0, 0, 202),
    (NULL, '2026-03-12', 6, 0, 0, 314),
    (NULL, '2026-03-13', NULL, 706, 5, 0),
    (NULL, '2026-03-13', 1, 0, 0, 244),
    (NULL, '2026-03-13', 2, 0, 0, 379),
    (NULL, '2026-03-13', 3, 0, 0, 194),
    (NULL, '2026-03-13', 4, 0, 0, 234),
    (NULL, '2026-03-13', 5, 0, 0, 214),
    (NULL, '2026-03-13', 6, 0, 0, 326),
    (NULL, '2026-03-14', NULL, 728, 6, 0),
    (NULL, '2026-03-14', 1, 0, 0, 256),
    (NULL, '2026-03-14', 2, 0, 0, 391),
    (NULL, '2026-03-14', 3, 0, 0, 206),
    (NULL, '2026-03-14', 4, 0, 0, 246),
    (NULL, '2026-03-14', 5, 0, 0, 226),
    (NULL, '2026-03-14', 6, 0, 0, 338),
    (NULL, '2026-03-15', NULL, 750, 6, 0),
    (NULL, '2026-03-15', 1, 0, 0, 268),
    (NULL, '2026-03-15', 2, 0, 0, 403),
    (NULL, '2026-03-15', 3, 0, 0, 218),
    (NULL, '2026-03-15', 4, 0, 0, 258),
    (NULL, '2026-03-15', 5, 0, 0, 238),
    (NULL, '2026-03-15', 6, 0, 0, 350),
    (NULL, '2026-03-16', NULL, 646, 7, 0),
    (NULL, '2026-03-16', 1, 0, 0, 280),
    (NULL, '2026-03-16', 2, 0, 0, 415),
    (NULL, '2026-03-16', 3, 0, 0, 230),
    (NULL, '2026-03-16', 4, 0, 0, 270),
    (NULL, '2026-03-16', 5, 0, 0, 250),
    (NULL, '2026-03-16', 6, 0, 0, 362),
    (NULL, '2026-03-17', NULL, 668, 3, 0),
    (NULL, '2026-03-17', 1, 0, 0, 292),
    (NULL, '2026-03-17', 2, 0, 0, 427),
    (NULL, '2026-03-17', 3, 0, 0, 242),
    (NULL, '2026-03-17', 4, 0, 0, 282),
    (NULL, '2026-03-17', 5, 0, 0, 262),
    (NULL, '2026-03-17', 6, 0, 0, 374),
    (NULL, '2026-03-18', NULL, 690, 4, 0),
    (NULL, '2026-03-18', 1, 0, 0, 220),
    (NULL, '2026-03-18', 2, 0, 0, 355),
    (NULL, '2026-03-18', 3, 0, 0, 170),
    (NULL, '2026-03-18', 4, 0, 0, 210),
    (NULL, '2026-03-18', 5, 0, 0, 190),
    (NULL, '2026-03-18', 6, 0, 0, 302),
    (NULL, '2026-03-19', NULL, 712, 5, 0),
    (NULL, '2026-03-19', 1, 0, 0, 232),
    (NULL, '2026-03-19', 2, 0, 0, 367),
    (NULL, '2026-03-19', 3, 0, 0, 182),
    (NULL, '2026-03-19', 4, 0, 0, 222),
    (NULL, '2026-03-19', 5, 0, 0, 202),
    (NULL, '2026-03-19', 6, 0, 0, 314),
    (NULL, '2026-03-20', NULL, 734, 7, 0),
    (NULL, '2026-03-20', 1, 0, 0, 244),
    (NULL, '2026-03-20', 2, 0, 0, 379),
    (NULL, '2026-03-20', 3, 0, 0, 194),
    (NULL, '2026-03-20', 4, 0, 0, 234),
    (NULL, '2026-03-20', 5, 0, 0, 214),
    (NULL, '2026-03-20', 6, 0, 0, 326),
    (NULL, '2026-03-21', NULL, 756, 8, 0),
    (NULL, '2026-03-21', 1, 0, 0, 256),
    (NULL, '2026-03-21', 2, 0, 0, 391),
    (NULL, '2026-03-21', 3, 0, 0, 206),
    (NULL, '2026-03-21', 4, 0, 0, 246),
    (NULL, '2026-03-21', 5, 0, 0, 226),
    (NULL, '2026-03-21', 6, 0, 0, 338),
    (NULL, '2026-03-22', NULL, 778, 3, 0),
    (NULL, '2026-03-22', 1, 0, 0, 268),
    (NULL, '2026-03-22', 2, 0, 0, 403),
    (NULL, '2026-03-22', 3, 0, 0, 218),
    (NULL, '2026-03-22', 4, 0, 0, 258),
    (NULL, '2026-03-22', 5, 0, 0, 238),
    (NULL, '2026-03-22', 6, 0, 0, 350),
    (NULL, '2026-03-23', NULL, 674, 4, 0),
    (NULL, '2026-03-23', 1, 0, 0, 280),
    (NULL, '2026-03-23', 2, 0, 0, 415),
    (NULL, '2026-03-23', 3, 0, 0, 230),
    (NULL, '2026-03-23', 4, 0, 0, 270),
    (NULL, '2026-03-23', 5, 0, 0, 250),
    (NULL, '2026-03-23', 6, 0, 0, 362),
    (NULL, '2026-03-24', NULL, 696, 5, 0),
    (NULL, '2026-03-24', 1, 0, 0, 292),
    (NULL, '2026-03-24', 2, 0, 0, 427),
    (NULL, '2026-03-24', 3, 0, 0, 242),
    (NULL, '2026-03-24', 4, 0, 0, 282),
    (NULL, '2026-03-24', 5, 0, 0, 262),
    (NULL, '2026-03-24', 6, 0, 0, 374),
    (NULL, '2026-03-25', NULL, 718, 6, 0),
    (NULL, '2026-03-25', 1, 0, 0, 220),
    (NULL, '2026-03-25', 2, 0, 0, 355),
    (NULL, '2026-03-25', 3, 0, 0, 170),
    (NULL, '2026-03-25', 4, 0, 0, 210),
    (NULL, '2026-03-25', 5, 0, 0, 190),
    (NULL, '2026-03-25', 6, 0, 0, 302),
    (NULL, '2026-03-26', NULL, 740, 7, 0),
    (NULL, '2026-03-26', 1, 0, 0, 232),
    (NULL, '2026-03-26', 2, 0, 0, 367),
    (NULL, '2026-03-26', 3, 0, 0, 182),
    (NULL, '2026-03-26', 4, 0, 0, 222),
    (NULL, '2026-03-26', 5, 0, 0, 202),
    (NULL, '2026-03-26', 6, 0, 0, 314),
    (NULL, '2026-03-27', NULL, 762, 4, 0),
    (NULL, '2026-03-27', 1, 0, 0, 244),
    (NULL, '2026-03-27', 2, 0, 0, 379),
    (NULL, '2026-03-27', 3, 0, 0, 194),
    (NULL, '2026-03-27', 4, 0, 0, 234),
    (NULL, '2026-03-27', 5, 0, 0, 214),
    (NULL, '2026-03-27', 6, 0, 0, 326),
    (NULL, '2026-03-28', NULL, 784, 5, 0),
    (NULL, '2026-03-28', 1, 0, 0, 256),
    (NULL, '2026-03-28', 2, 0, 0, 391),
    (NULL, '2026-03-28', 3, 0, 0, 206),
    (NULL, '2026-03-28', 4, 0, 0, 246),
    (NULL, '2026-03-28', 5, 0, 0, 226),
    (NULL, '2026-03-28', 6, 0, 0, 338),
    (NULL, '2026-03-29', NULL, 806, 5, 0),
    (NULL, '2026-03-29', 1, 0, 0, 268),
    (NULL, '2026-03-29', 2, 0, 0, 403),
    (NULL, '2026-03-29', 3, 0, 0, 218),
    (NULL, '2026-03-29', 4, 0, 0, 258),
    (NULL, '2026-03-29', 5, 0, 0, 238),
    (NULL, '2026-03-29', 6, 0, 0, 350),
    (NULL, '2026-03-30', NULL, 702, 6, 0),
    (NULL, '2026-03-30', 1, 0, 0, 280),
    (NULL, '2026-03-30', 2, 0, 0, 415),
    (NULL, '2026-03-30', 3, 0, 0, 230),
    (NULL, '2026-03-30', 4, 0, 0, 270),
    (NULL, '2026-03-30', 5, 0, 0, 250),
    (NULL, '2026-03-30', 6, 0, 0, 362),
    (NULL, '2026-03-31', NULL, 724, 7, 0),
    (NULL, '2026-03-31', 1, 0, 0, 292),
    (NULL, '2026-03-31', 2, 0, 0, 427),
    (NULL, '2026-03-31', 3, 0, 0, 242),
    (NULL, '2026-03-31', 4, 0, 0, 282),
    (NULL, '2026-03-31', 5, 0, 0, 262),
    (NULL, '2026-03-31', 6, 0, 0, 374),
    (NULL, '2026-04-01', NULL, 746, 3, 0),
    (NULL, '2026-04-01', 1, 0, 0, 220),
    (NULL, '2026-04-01', 2, 0, 0, 355),
    (NULL, '2026-04-01', 3, 0, 0, 170),
    (NULL, '2026-04-01', 4, 0, 0, 210),
    (NULL, '2026-04-01', 5, 0, 0, 190),
    (NULL, '2026-04-01', 6, 0, 0, 302),
    (NULL, '2026-04-02', NULL, 768, 4, 0),
    (NULL, '2026-04-02', 1, 0, 0, 232),
    (NULL, '2026-04-02', 2, 0, 0, 367),
    (NULL, '2026-04-02', 3, 0, 0, 182),
    (NULL, '2026-04-02', 4, 0, 0, 222),
    (NULL, '2026-04-02', 5, 0, 0, 202),
    (NULL, '2026-04-02', 6, 0, 0, 314),
    (NULL, '2026-04-03', NULL, 790, 6, 0),
    (NULL, '2026-04-03', 1, 0, 0, 244),
    (NULL, '2026-04-03', 2, 0, 0, 379),
    (NULL, '2026-04-03', 3, 0, 0, 194),
    (NULL, '2026-04-03', 4, 0, 0, 234),
    (NULL, '2026-04-03', 5, 0, 0, 214),
    (NULL, '2026-04-03', 6, 0, 0, 326),
    (NULL, '2026-04-04', NULL, 812, 7, 0),
    (NULL, '2026-04-04', 1, 0, 0, 256),
    (NULL, '2026-04-04', 2, 0, 0, 391),
    (NULL, '2026-04-04', 3, 0, 0, 206),
    (NULL, '2026-04-04', 4, 0, 0, 246),
    (NULL, '2026-04-04', 5, 0, 0, 226),
    (NULL, '2026-04-04', 6, 0, 0, 338),
    (NULL, '2026-04-05', NULL, 834, 7, 0),
    (NULL, '2026-04-05', 1, 0, 0, 268),
    (NULL, '2026-04-05', 2, 0, 0, 403),
    (NULL, '2026-04-05', 3, 0, 0, 218),
    (NULL, '2026-04-05', 4, 0, 0, 258),
    (NULL, '2026-04-05', 5, 0, 0, 238),
    (NULL, '2026-04-05', 6, 0, 0, 350),
    (NULL, '2026-04-06', NULL, 730, 3, 0),
    (NULL, '2026-04-06', 1, 0, 0, 280),
    (NULL, '2026-04-06', 2, 0, 0, 415),
    (NULL, '2026-04-06', 3, 0, 0, 230),
    (NULL, '2026-04-06', 4, 0, 0, 270),
    (NULL, '2026-04-06', 5, 0, 0, 250),
    (NULL, '2026-04-06', 6, 0, 0, 362),
    (NULL, '2026-04-07', NULL, 752, 4, 0),
    (NULL, '2026-04-07', 1, 0, 0, 292),
    (NULL, '2026-04-07', 2, 0, 0, 427),
    (NULL, '2026-04-07', 3, 0, 0, 242),
    (NULL, '2026-04-07', 4, 0, 0, 282),
    (NULL, '2026-04-07', 5, 0, 0, 262),
    (NULL, '2026-04-07', 6, 0, 0, 374),
    (NULL, '2026-04-08', NULL, 774, 5, 0),
    (NULL, '2026-04-08', 1, 0, 0, 220),
    (NULL, '2026-04-08', 2, 0, 0, 355),
    (NULL, '2026-04-08', 3, 0, 0, 170),
    (NULL, '2026-04-08', 4, 0, 0, 210),
    (NULL, '2026-04-08', 5, 0, 0, 190),
    (NULL, '2026-04-08', 6, 0, 0, 302),
    (NULL, '2026-04-09', NULL, 796, 6, 0),
    (NULL, '2026-04-09', 1, 0, 0, 232),
    (NULL, '2026-04-09', 2, 0, 0, 367),
    (NULL, '2026-04-09', 3, 0, 0, 182),
    (NULL, '2026-04-09', 4, 0, 0, 222),
    (NULL, '2026-04-09', 5, 0, 0, 202),
    (NULL, '2026-04-09', 6, 0, 0, 314),
    (NULL, '2026-04-10', NULL, 818, 8, 0),
    (NULL, '2026-04-10', 1, 0, 0, 244),
    (NULL, '2026-04-10', 2, 0, 0, 379),
    (NULL, '2026-04-10', 3, 0, 0, 194),
    (NULL, '2026-04-10', 4, 0, 0, 234),
    (NULL, '2026-04-10', 5, 0, 0, 214),
    (NULL, '2026-04-10', 6, 0, 0, 326),
    (NULL, '2026-04-11', NULL, 840, 4, 0),
    (NULL, '2026-04-11', 1, 0, 0, 256),
    (NULL, '2026-04-11', 2, 0, 0, 391),
    (NULL, '2026-04-11', 3, 0, 0, 206),
    (NULL, '2026-04-11', 4, 0, 0, 246),
    (NULL, '2026-04-11', 5, 0, 0, 226),
    (NULL, '2026-04-11', 6, 0, 0, 338),
    (NULL, '2026-04-12', NULL, 862, 4, 0),
    (NULL, '2026-04-12', 1, 0, 0, 268),
    (NULL, '2026-04-12', 2, 0, 0, 403),
    (NULL, '2026-04-12', 3, 0, 0, 218),
    (NULL, '2026-04-12', 4, 0, 0, 258),
    (NULL, '2026-04-12', 5, 0, 0, 238),
    (NULL, '2026-04-12', 6, 0, 0, 350),
    (NULL, '2026-04-13', NULL, 758, 5, 0),
    (NULL, '2026-04-13', 1, 0, 0, 280),
    (NULL, '2026-04-13', 2, 0, 0, 415),
    (NULL, '2026-04-13', 3, 0, 0, 230),
    (NULL, '2026-04-13', 4, 0, 0, 270),
    (NULL, '2026-04-13', 5, 0, 0, 250),
    (NULL, '2026-04-13', 6, 0, 0, 362),
    (NULL, '2026-04-14', NULL, 780, 6, 0),
    (NULL, '2026-04-14', 1, 0, 0, 292),
    (NULL, '2026-04-14', 2, 0, 0, 427),
    (NULL, '2026-04-14', 3, 0, 0, 242),
    (NULL, '2026-04-14', 4, 0, 0, 282),
    (NULL, '2026-04-14', 5, 0, 0, 262),
    (NULL, '2026-04-14', 6, 0, 0, 374),
    (NULL, '2026-04-15', NULL, 802, 7, 0),
    (NULL, '2026-04-15', 1, 0, 0, 220),
    (NULL, '2026-04-15', 2, 0, 0, 355),
    (NULL, '2026-04-15', 3, 0, 0, 170),
    (NULL, '2026-04-15', 4, 0, 0, 210),
    (NULL, '2026-04-15', 5, 0, 0, 190),
    (NULL, '2026-04-15', 6, 0, 0, 302),
    (NULL, '2026-04-16', NULL, 824, 3, 0),
    (NULL, '2026-04-16', 1, 0, 0, 232),
    (NULL, '2026-04-16', 2, 0, 0, 367),
    (NULL, '2026-04-16', 3, 0, 0, 182),
    (NULL, '2026-04-16', 4, 0, 0, 222),
    (NULL, '2026-04-16', 5, 0, 0, 202),
    (NULL, '2026-04-16', 6, 0, 0, 314),
    (NULL, '2026-04-17', NULL, 846, 5, 0),
    (NULL, '2026-04-17', 1, 0, 0, 244),
    (NULL, '2026-04-17', 2, 0, 0, 379),
    (NULL, '2026-04-17', 3, 0, 0, 194),
    (NULL, '2026-04-17', 4, 0, 0, 234),
    (NULL, '2026-04-17', 5, 0, 0, 214),
    (NULL, '2026-04-17', 6, 0, 0, 326),
    (NULL, '2026-04-18', NULL, 868, 6, 0),
    (NULL, '2026-04-18', 1, 0, 0, 256),
    (NULL, '2026-04-18', 2, 0, 0, 391),
    (NULL, '2026-04-18', 3, 0, 0, 206),
    (NULL, '2026-04-18', 4, 0, 0, 246),
    (NULL, '2026-04-18', 5, 0, 0, 226),
    (NULL, '2026-04-18', 6, 0, 0, 338),
    (NULL, '2026-04-19', NULL, 890, 6, 0),
    (NULL, '2026-04-19', 1, 0, 0, 268),
    (NULL, '2026-04-19', 2, 0, 0, 403),
    (NULL, '2026-04-19', 3, 0, 0, 218),
    (NULL, '2026-04-19', 4, 0, 0, 258),
    (NULL, '2026-04-19', 5, 0, 0, 238),
    (NULL, '2026-04-19', 6, 0, 0, 350),
    (NULL, '2026-04-20', NULL, 786, 7, 0),
    (NULL, '2026-04-20', 1, 0, 0, 280),
    (NULL, '2026-04-20', 2, 0, 0, 415),
    (NULL, '2026-04-20', 3, 0, 0, 230),
    (NULL, '2026-04-20', 4, 0, 0, 270),
    (NULL, '2026-04-20', 5, 0, 0, 250),
    (NULL, '2026-04-20', 6, 0, 0, 362);
